2026-07-07 18:28:42,119 - mcp.server.lowlevel.server - DEBUG - [server.py:145] - Initializing server 'UnrealMCP'
2026-07-07 18:28:42,119 - mcp.server.lowlevel.server - DEBUG - [server.py:384] - Registering handler for ListToolsRequest
2026-07-07 18:28:42,119 - mcp.server.lowlevel.server - DEBUG - [server.py:406] - Registering handler for CallToolRequest
2026-07-07 18:28:42,119 - mcp.server.lowlevel.server - DEBUG - [server.py:252] - Registering handler for ListResourcesRequest
2026-07-07 18:28:42,119 - mcp.server.lowlevel.server - DEBUG - [server.py:286] - Registering handler for ReadResourceRequest
2026-07-07 18:28:42,119 - mcp.server.lowlevel.server - DEBUG - [server.py:222] - Registering handler for PromptListRequest
2026-07-07 18:28:42,119 - mcp.server.lowlevel.server - DEBUG - [server.py:239] - Registering handler for GetPromptRequest
2026-07-07 18:28:42,120 - mcp.server.lowlevel.server - DEBUG - [server.py:267] - Registering handler for ListResourceTemplatesRequest
2026-07-07 18:28:42,131 - UnrealMCP - INFO - [editor_tools.py:369] - Editor tools registered successfully
2026-07-07 18:28:42,137 - UnrealMCP - INFO - [blueprint_tools.py:420] - Blueprint tools registered successfully
2026-07-07 18:28:42,145 - UnrealMCP - INFO - [node_tools.py:430] - Blueprint node tools registered successfully
2026-07-07 18:28:42,146 - UnrealMCP - INFO - [project_tools.py:64] - Project tools registered successfully
2026-07-07 18:28:42,152 - UnrealMCP - INFO - [umg_tools.py:333] - UMG tools registered successfully
2026-07-07 18:28:42,152 - UnrealMCP - INFO - [unreal_mcp_server.py:376] - Starting MCP server with stdio transport
2026-07-07 18:28:42,156 - asyncio - DEBUG - [proactor_events.py:631] - Using proactor: IocpProactor
2026-07-07 18:28:42,158 - UnrealMCP - INFO - [unreal_mcp_server.py:242] - UnrealMCP server starting up
2026-07-07 18:28:42,158 - UnrealMCP - INFO - [unreal_mcp_server.py:49] - Connecting to Unreal at 127.0.0.1:55557...
2026-07-07 18:28:44,182 - UnrealMCP - ERROR - [unreal_mcp_server.py:67] - Failed to connect to Unreal: [WinError 10061] 대상 컴퓨터에서 연결을 거부했으므로 연결하지 못했습니다
2026-07-07 18:28:44,182 - UnrealMCP - WARNING - [unreal_mcp_server.py:213] - Could not connect to Unreal Engine
2026-07-07 18:28:44,182 - UnrealMCP - WARNING - [unreal_mcp_server.py:248] - Could not connect to Unreal Engine on startup
2026-07-07 18:28:44,199 - mcp.server.lowlevel.server - DEBUG - [server.py:491] - Received message: root=InitializedNotification(method='notifications/initialized', params=None, jsonrpc='2.0')
2026-07-07 18:28:44,199 - mcp.server.lowlevel.server - DEBUG - [server.py:491] - Received message: <mcp.shared.session.RequestResponder object at 0x00000267184D8E10>
2026-07-07 18:28:44,199 - mcp.server.lowlevel.server - INFO - [server.py:534] - Processing request of type ListToolsRequest
2026-07-07 18:28:44,200 - mcp.server.lowlevel.server - DEBUG - [server.py:537] - Dispatching request of type ListToolsRequest
2026-07-07 18:28:44,202 - mcp.server.lowlevel.server - DEBUG - [server.py:572] - Response sent
2026-07-07 18:28:44,203 - mcp.server.lowlevel.server - DEBUG - [server.py:491] - Received message: <mcp.shared.session.RequestResponder object at 0x00000267184D8CD0>
2026-07-07 18:28:44,203 - mcp.server.lowlevel.server - INFO - [server.py:534] - Processing request of type ListPromptsRequest
2026-07-07 18:28:44,203 - mcp.server.lowlevel.server - DEBUG - [server.py:537] - Dispatching request of type ListPromptsRequest
2026-07-07 18:28:44,204 - mcp.server.lowlevel.server - DEBUG - [server.py:491] - Received message: <mcp.shared.session.RequestResponder object at 0x00000267182FE3F0>
2026-07-07 18:28:44,204 - mcp.server.lowlevel.server - INFO - [server.py:534] - Processing request of type ListResourcesRequest
2026-07-07 18:28:44,204 - mcp.server.lowlevel.server - DEBUG - [server.py:537] - Dispatching request of type ListResourcesRequest
2026-07-07 18:28:44,204 - mcp.server.fastmcp.resources.resource_manager - DEBUG - [resource_manager.py:89] - Listing resources
2026-07-07 18:28:44,204 - mcp.server.lowlevel.server - DEBUG - [server.py:572] - Response sent
2026-07-07 18:28:44,205 - mcp.server.lowlevel.server - DEBUG - [server.py:572] - Response sent
2026-07-07 18:31:52,743 - mcp.server.lowlevel.server - DEBUG - [server.py:491] - Received message: <mcp.shared.session.RequestResponder object at 0x00000267182FE9E0>
2026-07-07 18:31:52,744 - mcp.server.lowlevel.server - INFO - [server.py:534] - Processing request of type CallToolRequest
2026-07-07 18:31:52,744 - mcp.server.lowlevel.server - DEBUG - [server.py:537] - Dispatching request of type CallToolRequest
2026-07-07 18:31:52,747 - mcp.server.lowlevel.server - DEBUG - [server.py:145] - Initializing server 'UnrealMCP'
2026-07-07 18:31:52,747 - mcp.server.lowlevel.server - DEBUG - [server.py:384] - Registering handler for ListToolsRequest
2026-07-07 18:31:52,747 - mcp.server.lowlevel.server - DEBUG - [server.py:406] - Registering handler for CallToolRequest
2026-07-07 18:31:52,748 - mcp.server.lowlevel.server - DEBUG - [server.py:252] - Registering handler for ListResourcesRequest
2026-07-07 18:31:52,748 - mcp.server.lowlevel.server - DEBUG - [server.py:286] - Registering handler for ReadResourceRequest
2026-07-07 18:31:52,748 - mcp.server.lowlevel.server - DEBUG - [server.py:222] - Registering handler for PromptListRequest
2026-07-07 18:31:52,748 - mcp.server.lowlevel.server - DEBUG - [server.py:239] - Registering handler for GetPromptRequest
2026-07-07 18:31:52,748 - mcp.server.lowlevel.server - DEBUG - [server.py:267] - Registering handler for ListResourceTemplatesRequest
2026-07-07 18:31:52,754 - UnrealMCP - INFO - [editor_tools.py:369] - Editor tools registered successfully
2026-07-07 18:31:52,760 - UnrealMCP - INFO - [blueprint_tools.py:420] - Blueprint tools registered successfully
2026-07-07 18:31:52,767 - UnrealMCP - INFO - [node_tools.py:430] - Blueprint node tools registered successfully
2026-07-07 18:31:52,768 - UnrealMCP - INFO - [project_tools.py:64] - Project tools registered successfully
2026-07-07 18:31:52,773 - UnrealMCP - INFO - [umg_tools.py:333] - UMG tools registered successfully
2026-07-07 18:31:52,773 - UnrealMCP - INFO - [unreal_mcp_server.py:49] - Connecting to Unreal at 127.0.0.1:55557...
2026-07-07 18:31:52,789 - UnrealMCP - INFO - [unreal_mcp_server.py:63] - Connected to Unreal Engine
2026-07-07 18:31:52,789 - UnrealMCP - INFO - [unreal_mcp_server.py:49] - Connecting to Unreal at 127.0.0.1:55557...
2026-07-07 18:31:52,790 - UnrealMCP - INFO - [unreal_mcp_server.py:63] - Connected to Unreal Engine
2026-07-07 18:31:52,790 - UnrealMCP - INFO - [unreal_mcp_server.py:151] - Sending command: {"type": "get_actors_in_level", "params": {}}
2026-07-07 18:31:53,199 - UnrealMCP - DEBUG - [unreal_mcp_server.py:105] - Received partial response, waiting for more data...
2026-07-07 18:31:53,199 - UnrealMCP - INFO - [unreal_mcp_server.py:101] - Received complete response (6946 bytes)
2026-07-07 18:31:53,199 - UnrealMCP - INFO - [unreal_mcp_server.py:159] - Complete response from Unreal: {'status': 'success', 'result': {'actors': [{'name': 'WorldSettings_1', 'class': 'WorldSettings', 'location': [0, 0, 0], 'rotation': [0, 0, 0], 'scale': [1, 1, 1]}, {'name': 'Brush_1', 'class': 'Brush', 'location': [-90, 110, 20], 'rotation': [0, 0, 0], 'scale': [1, 1, 1]}, {'name': 'Floor', 'class': 'StaticMeshActor', 'location': [0, 0, -0.5], 'rotation': [0, 0, 0], 'scale': [8, 8, 8]}, {'name': 'DirectionalLight_0', 'class': 'DirectionalLight', 'location': [0, 0, 400], 'rotation': [-49.51711035415601, -10.308600787602971, 112.36067200001975], 'scale': [2.5, 2.5, 2.5]}, {'name': 'SkyAtmosphere_0', 'class': 'SkyAtmosphere', 'location': [0, 0, 500], 'rotation': [0, 0, 0], 'scale': [1, 1, 1]}, {'name': 'SkyLight_0', 'class': 'SkyLight', 'location': [0, 0, 600], 'rotation': [0, 0, 0], 'scale': [1, 1, 1]}, {'name': 'ExponentialHeightFog_0', 'class': 'ExponentialHeightFog', 'location': [-5600, -50, -6850], 'rotation': [0, 0, 0], 'scale': [1, 1, 1]}, {'name': 'VolumetricCloud_0', 'class': 'VolumetricCloud', 'location': [0, 0, 700], 'rotation': [0, 0, 0], 'scale': [1, 1, 1]}, {'name': 'StaticMeshActor_1', 'class': 'StaticMeshActor', 'location': [0, 0, 0], 'rotation': [0, 0, 0], 'scale': [400, 400, 400]}, {'name': 'PostProcessVolume_1', 'class': 'PostProcessVolume', 'location': [500, -90, 100.00000000000009], 'rotation': [0, 0, 0], 'scale': [1, 1, 1]}, {'name': 'NavMeshBoundsVolume_0', 'class': 'NavMeshBoundsVolume', 'location': [90, -520, -70], 'rotation': [0, 0, 0], 'scale': [50, 50, 2.75]}, {'name': 'RecastNavMesh-Default', 'class': 'RecastNavMesh', 'location': [0, 0, 0], 'rotation': [0, 0, 0], 'scale': [1, 1, 1]}, {'name': 'StaticMeshActor_2', 'class': 'StaticMeshActor', 'location': [660, -80, 0], 'rotation': [0, 0, 0], 'scale': [1, 1, 1]}, {'name': 'StaticMeshActor_0', 'class': 'StaticMeshActor', 'location': [1240, 540, 0], 'rotation': [0, 0, 0], 'scale': [0.08082043379545212, 2.913304090499878, 1]}, {'name': 'PlayerStart_1', 'class': 'PlayerStart', 'location': [645, 2370, 92], 'rotation': [0, 0, 0], 'scale': [1, 1, 1]}, {'name': 'SkeletalMeshActor_5', 'class': 'SkeletalMeshActor', 'location': [-1149.7136411180395, 1581.5484833675373, 69.68941274680327], 'rotation': [0, 0, 0], 'scale': [1, 1, 1]}, {'name': 'SkeletalMeshActor_7', 'class': 'SkeletalMeshActor', 'location': [-817.5752416958381, 1660.7628331794867, 58.701054590237646], 'rotation': [0, 0, 0], 'scale': [1, 1, 1]}, {'name': 'SkeletalMeshActor_9', 'class': 'SkeletalMeshActor', 'location': [-1000.1828500006252, 1732.5408666819262, 128.3022278341035], 'rotation': [0, 0, 0], 'scale': [1, 1, 1]}, {'name': 'SkeletalMeshActor_11', 'class': 'SkeletalMeshActor', 'location': [-1813.6312563180231, 1951.4354595235898, 27.481802231786745], 'rotation': [0, 0, 0], 'scale': [1, 1, 1]}, {'name': 'StaticMeshActor_4', 'class': 'StaticMeshActor', 'location': [-1398.764255353271, 3219.686477628644, 107.84046152573046], 'rotation': [0, 0, 0], 'scale': [1, 1, 1]}, {'name': 'SkeletalMeshActor_1', 'class': 'SkeletalMeshActor', 'location': [-996.6115025572836, 1546.4750496171941, 211.71287139181317], 'rotation': [0, 0, 0], 'scale': [1, 1, 1]}, {'name': 'SkeletalMeshActor_4', 'class': 'SkeletalMeshActor', 'location': [-1153.5919965848775, 1578.840631762137, -0.5000024821937785], 'rotation': [0, 0, 0], 'scale': [1, 1, 1]}, {'name': 'NiagaraActor_1', 'class': 'NiagaraActor', 'location': [-2186.46758667361, 2043.7577109987155, 46.73077996836196], 'rotation': [0, 0, 0], 'scale': [1, 1, 1]}, {'name': 'NiagaraActor_3', 'class': 'NiagaraActor', 'location': [-2176.9477390470843, 1982.735777059818, 46.6222343798366], 'rotation': [0, 0, 0], 'scale': [1, 1, 1]}, {'name': 'NiagaraActor_5', 'class': 'NiagaraActor', 'location': [-2209.1126996107328, 1910.446566294535, 53.96060318969528], 'rotation': [0, 0, 0], 'scale': [1, 1, 1]}, {'name': 'NiagaraActor_7', 'class': 'NiagaraActor', 'location': [-2108.3671377940786, 1807.6102191287007, 100.66937706700854], 'rotation': [0, 0, 0], 'scale': [1, 1, 1]}, {'name': 'BP_DRStageSelectActor_C_1', 'class': 'BP_DRStageSelectActor_C', 'location': [110, 1010, 90], 'rotation': [0, 0, 0], 'scale': [1, 1, 1]}, {'name': 'BP_PosionGas_C_1', 'class': 'BP_PosionGas_C', 'location': [863.116437846341, 1450.8397808172049, 195.08196490125385], 'rotation': [0, 0, 0], 'scale': [1, 1, 1]}, {'name': 'BP_Dog_C_3', 'class': 'BP_Dog_C', 'location': [534.1671726926984, 438.183233415882, 52.665332202283786], 'rotation': [0, 0, 0], 'scale': [1, 1, 1]}, {'name': 'BP_WaterSource_C_1', 'class': 'BP_WaterSource_C', 'location': [560, -470, 0], 'rotation': [0, 0, 0], 'scale': [1, 1, 1]}, {'name': 'BP_Dog_WithPart_C_1', 'class': 'BP_Dog_WithPart_C', 'location': [454.421383785971, 1524.577353786156, 51.839594448652186], 'rotation': [0, 0, 0], 'scale': [1, 1, 1]}, {'name': 'StartupMap_C_0', 'class': 'StartupMap_C', 'location': [0, 0, 0], 'rotation': [0, 0, 0], 'scale': [1, 1, 1]}, {'name': 'DefaultPhysicsVolume_0', 'class': 'DefaultPhysicsVolume', 'location': [0, 0, 0], 'rotation': [0, 0, 0], 'scale': [1, 1, 1]}, {'name': 'GameplayDebuggerPlayerManager_0', 'class': 'GameplayDebuggerPlayerManager', 'location': [0, 0, 0], 'rotation': [0, 0, 0], 'scale': [1, 1, 1]}, {'name': 'ChaosDebugDrawActor', 'class': 'Actor', 'location': [0, 0, 0], 'rotation': [0, 0, 0], 'scale': [1, 1, 1]}, {'name': 'AbstractNavData-Default', 'class': 'AbstractNavData', 'location': [0, 0, 0], 'rotation': [0, 0, 0], 'scale': [1, 1, 1]}]}}
2026-07-07 18:31:53,199 - UnrealMCP - INFO - [editor_tools.py:35] - Complete response from Unreal: {'status': 'success', 'result': {'actors': [{'name': 'WorldSettings_1', 'class': 'WorldSettings', 'location': [0, 0, 0], 'rotation': [0, 0, 0], 'scale': [1, 1, 1]}, {'name': 'Brush_1', 'class': 'Brush', 'location': [-90, 110, 20], 'rotation': [0, 0, 0], 'scale': [1, 1, 1]}, {'name': 'Floor', 'class': 'StaticMeshActor', 'location': [0, 0, -0.5], 'rotation': [0, 0, 0], 'scale': [8, 8, 8]}, {'name': 'DirectionalLight_0', 'class': 'DirectionalLight', 'location': [0, 0, 400], 'rotation': [-49.51711035415601, -10.308600787602971, 112.36067200001975], 'scale': [2.5, 2.5, 2.5]}, {'name': 'SkyAtmosphere_0', 'class': 'SkyAtmosphere', 'location': [0, 0, 500], 'rotation': [0, 0, 0], 'scale': [1, 1, 1]}, {'name': 'SkyLight_0', 'class': 'SkyLight', 'location': [0, 0, 600], 'rotation': [0, 0, 0], 'scale': [1, 1, 1]}, {'name': 'ExponentialHeightFog_0', 'class': 'ExponentialHeightFog', 'location': [-5600, -50, -6850], 'rotation': [0, 0, 0], 'scale': [1, 1, 1]}, {'name': 'VolumetricCloud_0', 'class': 'VolumetricCloud', 'location': [0, 0, 700], 'rotation': [0, 0, 0], 'scale': [1, 1, 1]}, {'name': 'StaticMeshActor_1', 'class': 'StaticMeshActor', 'location': [0, 0, 0], 'rotation': [0, 0, 0], 'scale': [400, 400, 400]}, {'name': 'PostProcessVolume_1', 'class': 'PostProcessVolume', 'location': [500, -90, 100.00000000000009], 'rotation': [0, 0, 0], 'scale': [1, 1, 1]}, {'name': 'NavMeshBoundsVolume_0', 'class': 'NavMeshBoundsVolume', 'location': [90, -520, -70], 'rotation': [0, 0, 0], 'scale': [50, 50, 2.75]}, {'name': 'RecastNavMesh-Default', 'class': 'RecastNavMesh', 'location': [0, 0, 0], 'rotation': [0, 0, 0], 'scale': [1, 1, 1]}, {'name': 'StaticMeshActor_2', 'class': 'StaticMeshActor', 'location': [660, -80, 0], 'rotation': [0, 0, 0], 'scale': [1, 1, 1]}, {'name': 'StaticMeshActor_0', 'class': 'StaticMeshActor', 'location': [1240, 540, 0], 'rotation': [0, 0, 0], 'scale': [0.08082043379545212, 2.913304090499878, 1]}, {'name': 'PlayerStart_1', 'class': 'PlayerStart', 'location': [645, 2370, 92], 'rotation': [0, 0, 0], 'scale': [1, 1, 1]}, {'name': 'SkeletalMeshActor_5', 'class': 'SkeletalMeshActor', 'location': [-1149.7136411180395, 1581.5484833675373, 69.68941274680327], 'rotation': [0, 0, 0], 'scale': [1, 1, 1]}, {'name': 'SkeletalMeshActor_7', 'class': 'SkeletalMeshActor', 'location': [-817.5752416958381, 1660.7628331794867, 58.701054590237646], 'rotation': [0, 0, 0], 'scale': [1, 1, 1]}, {'name': 'SkeletalMeshActor_9', 'class': 'SkeletalMeshActor', 'location': [-1000.1828500006252, 1732.5408666819262, 128.3022278341035], 'rotation': [0, 0, 0], 'scale': [1, 1, 1]}, {'name': 'SkeletalMeshActor_11', 'class': 'SkeletalMeshActor', 'location': [-1813.6312563180231, 1951.4354595235898, 27.481802231786745], 'rotation': [0, 0, 0], 'scale': [1, 1, 1]}, {'name': 'StaticMeshActor_4', 'class': 'StaticMeshActor', 'location': [-1398.764255353271, 3219.686477628644, 107.84046152573046], 'rotation': [0, 0, 0], 'scale': [1, 1, 1]}, {'name': 'SkeletalMeshActor_1', 'class': 'SkeletalMeshActor', 'location': [-996.6115025572836, 1546.4750496171941, 211.71287139181317], 'rotation': [0, 0, 0], 'scale': [1, 1, 1]}, {'name': 'SkeletalMeshActor_4', 'class': 'SkeletalMeshActor', 'location': [-1153.5919965848775, 1578.840631762137, -0.5000024821937785], 'rotation': [0, 0, 0], 'scale': [1, 1, 1]}, {'name': 'NiagaraActor_1', 'class': 'NiagaraActor', 'location': [-2186.46758667361, 2043.7577109987155, 46.73077996836196], 'rotation': [0, 0, 0], 'scale': [1, 1, 1]}, {'name': 'NiagaraActor_3', 'class': 'NiagaraActor', 'location': [-2176.9477390470843, 1982.735777059818, 46.6222343798366], 'rotation': [0, 0, 0], 'scale': [1, 1, 1]}, {'name': 'NiagaraActor_5', 'class': 'NiagaraActor', 'location': [-2209.1126996107328, 1910.446566294535, 53.96060318969528], 'rotation': [0, 0, 0], 'scale': [1, 1, 1]}, {'name': 'NiagaraActor_7', 'class': 'NiagaraActor', 'location': [-2108.3671377940786, 1807.6102191287007, 100.66937706700854], 'rotation': [0, 0, 0], 'scale': [1, 1, 1]}, {'name': 'BP_DRStageSelectActor_C_1', 'class': 'BP_DRStageSelectActor_C', 'location': [110, 1010, 90], 'rotation': [0, 0, 0], 'scale': [1, 1, 1]}, {'name': 'BP_PosionGas_C_1', 'class': 'BP_PosionGas_C', 'location': [863.116437846341, 1450.8397808172049, 195.08196490125385], 'rotation': [0, 0, 0], 'scale': [1, 1, 1]}, {'name': 'BP_Dog_C_3', 'class': 'BP_Dog_C', 'location': [534.1671726926984, 438.183233415882, 52.665332202283786], 'rotation': [0, 0, 0], 'scale': [1, 1, 1]}, {'name': 'BP_WaterSource_C_1', 'class': 'BP_WaterSource_C', 'location': [560, -470, 0], 'rotation': [0, 0, 0], 'scale': [1, 1, 1]}, {'name': 'BP_Dog_WithPart_C_1', 'class': 'BP_Dog_WithPart_C', 'location': [454.421383785971, 1524.577353786156, 51.839594448652186], 'rotation': [0, 0, 0], 'scale': [1, 1, 1]}, {'name': 'StartupMap_C_0', 'class': 'StartupMap_C', 'location': [0, 0, 0], 'rotation': [0, 0, 0], 'scale': [1, 1, 1]}, {'name': 'DefaultPhysicsVolume_0', 'class': 'DefaultPhysicsVolume', 'location': [0, 0, 0], 'rotation': [0, 0, 0], 'scale': [1, 1, 1]}, {'name': 'GameplayDebuggerPlayerManager_0', 'class': 'GameplayDebuggerPlayerManager', 'location': [0, 0, 0], 'rotation': [0, 0, 0], 'scale': [1, 1, 1]}, {'name': 'ChaosDebugDrawActor', 'class': 'Actor', 'location': [0, 0, 0], 'rotation': [0, 0, 0], 'scale': [1, 1, 1]}, {'name': 'AbstractNavData-Default', 'class': 'AbstractNavData', 'location': [0, 0, 0], 'rotation': [0, 0, 0], 'scale': [1, 1, 1]}]}}
2026-07-07 18:31:53,199 - UnrealMCP - INFO - [editor_tools.py:40] - Found 36 actors in level
2026-07-07 18:31:53,200 - mcp.server.lowlevel.server - DEBUG - [server.py:572] - Response sent
2026-07-07 18:39:04,834 - UnrealMCP - INFO - [unreal_mcp_server.py:259] - Unreal MCP server shut down
2026-07-07 18:39:08,355 - mcp.server.lowlevel.server - DEBUG - [server.py:145] - Initializing server 'UnrealMCP'
2026-07-07 18:39:08,355 - mcp.server.lowlevel.server - DEBUG - [server.py:384] - Registering handler for ListToolsRequest
2026-07-07 18:39:08,355 - mcp.server.lowlevel.server - DEBUG - [server.py:406] - Registering handler for CallToolRequest
2026-07-07 18:39:08,356 - mcp.server.lowlevel.server - DEBUG - [server.py:252] - Registering handler for ListResourcesRequest
2026-07-07 18:39:08,356 - mcp.server.lowlevel.server - DEBUG - [server.py:286] - Registering handler for ReadResourceRequest
2026-07-07 18:39:08,356 - mcp.server.lowlevel.server - DEBUG - [server.py:222] - Registering handler for PromptListRequest
2026-07-07 18:39:08,356 - mcp.server.lowlevel.server - DEBUG - [server.py:239] - Registering handler for GetPromptRequest
2026-07-07 18:39:08,356 - mcp.server.lowlevel.server - DEBUG - [server.py:267] - Registering handler for ListResourceTemplatesRequest
2026-07-07 18:39:08,368 - UnrealMCP - INFO - [editor_tools.py:369] - Editor tools registered successfully
2026-07-07 18:39:08,373 - UnrealMCP - INFO - [blueprint_tools.py:420] - Blueprint tools registered successfully
2026-07-07 18:39:08,381 - UnrealMCP - INFO - [node_tools.py:430] - Blueprint node tools registered successfully
2026-07-07 18:39:08,382 - UnrealMCP - INFO - [project_tools.py:64] - Project tools registered successfully
2026-07-07 18:39:08,388 - UnrealMCP - INFO - [umg_tools.py:333] - UMG tools registered successfully
2026-07-07 18:39:08,388 - UnrealMCP - INFO - [unreal_mcp_server.py:376] - Starting MCP server with stdio transport
2026-07-07 18:39:08,393 - asyncio - DEBUG - [proactor_events.py:631] - Using proactor: IocpProactor
2026-07-07 18:39:08,395 - UnrealMCP - INFO - [unreal_mcp_server.py:242] - UnrealMCP server starting up
2026-07-07 18:39:08,395 - UnrealMCP - INFO - [unreal_mcp_server.py:49] - Connecting to Unreal at 127.0.0.1:55557...
2026-07-07 18:39:10,429 - UnrealMCP - ERROR - [unreal_mcp_server.py:67] - Failed to connect to Unreal: [WinError 10061] 대상 컴퓨터에서 연결을 거부했으므로 연결하지 못했습니다
2026-07-07 18:39:10,429 - UnrealMCP - WARNING - [unreal_mcp_server.py:213] - Could not connect to Unreal Engine
2026-07-07 18:39:10,429 - UnrealMCP - WARNING - [unreal_mcp_server.py:248] - Could not connect to Unreal Engine on startup
2026-07-07 18:39:10,435 - mcp.server.lowlevel.server - DEBUG - [server.py:491] - Received message: root=InitializedNotification(method='notifications/initialized', params=None, jsonrpc='2.0')
2026-07-07 18:39:10,435 - mcp.server.lowlevel.server - DEBUG - [server.py:491] - Received message: <mcp.shared.session.RequestResponder object at 0x00000235C1A44E10>
2026-07-07 18:39:10,435 - mcp.server.lowlevel.server - INFO - [server.py:534] - Processing request of type ListToolsRequest
2026-07-07 18:39:10,435 - mcp.server.lowlevel.server - DEBUG - [server.py:537] - Dispatching request of type ListToolsRequest
2026-07-07 18:39:10,438 - mcp.server.lowlevel.server - DEBUG - [server.py:572] - Response sent
2026-07-07 18:39:10,439 - mcp.server.lowlevel.server - DEBUG - [server.py:491] - Received message: <mcp.shared.session.RequestResponder object at 0x00000235C1A44CD0>
2026-07-07 18:39:10,439 - mcp.server.lowlevel.server - INFO - [server.py:534] - Processing request of type ListPromptsRequest
2026-07-07 18:39:10,439 - mcp.server.lowlevel.server - DEBUG - [server.py:537] - Dispatching request of type ListPromptsRequest
2026-07-07 18:39:10,439 - mcp.server.lowlevel.server - DEBUG - [server.py:572] - Response sent
2026-07-07 18:39:10,439 - mcp.server.lowlevel.server - DEBUG - [server.py:491] - Received message: <mcp.shared.session.RequestResponder object at 0x00000235C186D810>
2026-07-07 18:39:10,439 - mcp.server.lowlevel.server - INFO - [server.py:534] - Processing request of type ListResourcesRequest
2026-07-07 18:39:10,440 - mcp.server.lowlevel.server - DEBUG - [server.py:537] - Dispatching request of type ListResourcesRequest
2026-07-07 18:39:10,440 - mcp.server.fastmcp.resources.resource_manager - DEBUG - [resource_manager.py:89] - Listing resources
2026-07-07 18:39:10,440 - mcp.server.lowlevel.server - DEBUG - [server.py:572] - Response sent
2026-07-07 18:54:41,275 - UnrealMCP - INFO - [unreal_mcp_server.py:259] - Unreal MCP server shut down
2026-07-07 18:54:49,028 - mcp.server.lowlevel.server - DEBUG - [server.py:145] - Initializing server 'UnrealMCP'
2026-07-07 18:54:49,028 - mcp.server.lowlevel.server - DEBUG - [server.py:384] - Registering handler for ListToolsRequest
2026-07-07 18:54:49,028 - mcp.server.lowlevel.server - DEBUG - [server.py:406] - Registering handler for CallToolRequest
2026-07-07 18:54:49,029 - mcp.server.lowlevel.server - DEBUG - [server.py:252] - Registering handler for ListResourcesRequest
2026-07-07 18:54:49,029 - mcp.server.lowlevel.server - DEBUG - [server.py:286] - Registering handler for ReadResourceRequest
2026-07-07 18:54:49,029 - mcp.server.lowlevel.server - DEBUG - [server.py:222] - Registering handler for PromptListRequest
2026-07-07 18:54:49,029 - mcp.server.lowlevel.server - DEBUG - [server.py:239] - Registering handler for GetPromptRequest
2026-07-07 18:54:49,029 - mcp.server.lowlevel.server - DEBUG - [server.py:267] - Registering handler for ListResourceTemplatesRequest
2026-07-07 18:54:49,041 - UnrealMCP - INFO - [editor_tools.py:369] - Editor tools registered successfully
2026-07-07 18:54:49,047 - UnrealMCP - INFO - [blueprint_tools.py:420] - Blueprint tools registered successfully
2026-07-07 18:54:49,055 - UnrealMCP - INFO - [node_tools.py:430] - Blueprint node tools registered successfully
2026-07-07 18:54:49,056 - UnrealMCP - INFO - [project_tools.py:64] - Project tools registered successfully
2026-07-07 18:54:49,061 - UnrealMCP - INFO - [umg_tools.py:333] - UMG tools registered successfully
2026-07-07 18:54:49,062 - UnrealMCP - INFO - [unreal_mcp_server.py:376] - Starting MCP server with stdio transport
2026-07-07 18:54:49,066 - asyncio - DEBUG - [proactor_events.py:631] - Using proactor: IocpProactor
2026-07-07 18:54:49,068 - UnrealMCP - INFO - [unreal_mcp_server.py:242] - UnrealMCP server starting up
2026-07-07 18:54:49,068 - UnrealMCP - INFO - [unreal_mcp_server.py:49] - Connecting to Unreal at 127.0.0.1:55557...
2026-07-07 18:54:51,092 - UnrealMCP - ERROR - [unreal_mcp_server.py:67] - Failed to connect to Unreal: [WinError 10061] 대상 컴퓨터에서 연결을 거부했으므로 연결하지 못했습니다
2026-07-07 18:54:51,092 - UnrealMCP - WARNING - [unreal_mcp_server.py:213] - Could not connect to Unreal Engine
2026-07-07 18:54:51,093 - UnrealMCP - WARNING - [unreal_mcp_server.py:248] - Could not connect to Unreal Engine on startup
2026-07-07 18:54:51,098 - mcp.server.lowlevel.server - DEBUG - [server.py:491] - Received message: root=InitializedNotification(method='notifications/initialized', params=None, jsonrpc='2.0')
2026-07-07 18:54:51,098 - mcp.server.lowlevel.server - DEBUG - [server.py:491] - Received message: <mcp.shared.session.RequestResponder object at 0x000001A0E4B18E10>
2026-07-07 18:54:51,098 - mcp.server.lowlevel.server - INFO - [server.py:534] - Processing request of type ListToolsRequest
2026-07-07 18:54:51,098 - mcp.server.lowlevel.server - DEBUG - [server.py:537] - Dispatching request of type ListToolsRequest
2026-07-07 18:54:51,100 - mcp.server.lowlevel.server - DEBUG - [server.py:572] - Response sent
2026-07-07 18:54:51,101 - mcp.server.lowlevel.server - DEBUG - [server.py:491] - Received message: <mcp.shared.session.RequestResponder object at 0x000001A0E4B18CD0>
2026-07-07 18:54:51,101 - mcp.server.lowlevel.server - INFO - [server.py:534] - Processing request of type ListPromptsRequest
2026-07-07 18:54:51,101 - mcp.server.lowlevel.server - DEBUG - [server.py:537] - Dispatching request of type ListPromptsRequest
2026-07-07 18:54:51,102 - mcp.server.lowlevel.server - DEBUG - [server.py:491] - Received message: <mcp.shared.session.RequestResponder object at 0x000001A0E49423F0>
2026-07-07 18:54:51,102 - mcp.server.lowlevel.server - INFO - [server.py:534] - Processing request of type ListResourcesRequest
2026-07-07 18:54:51,102 - mcp.server.lowlevel.server - DEBUG - [server.py:537] - Dispatching request of type ListResourcesRequest
2026-07-07 18:54:51,102 - mcp.server.fastmcp.resources.resource_manager - DEBUG - [resource_manager.py:89] - Listing resources
2026-07-07 18:54:51,102 - mcp.server.lowlevel.server - DEBUG - [server.py:572] - Response sent
2026-07-07 18:54:51,103 - mcp.server.lowlevel.server - DEBUG - [server.py:572] - Response sent
2026-07-07 18:54:51,562 - UnrealMCP - INFO - [unreal_mcp_server.py:259] - Unreal MCP server shut down
2026-07-07 18:55:08,800 - mcp.server.lowlevel.server - DEBUG - [server.py:145] - Initializing server 'UnrealMCP'
2026-07-07 18:55:08,800 - mcp.server.lowlevel.server - DEBUG - [server.py:384] - Registering handler for ListToolsRequest
2026-07-07 18:55:08,800 - mcp.server.lowlevel.server - DEBUG - [server.py:406] - Registering handler for CallToolRequest
2026-07-07 18:55:08,800 - mcp.server.lowlevel.server - DEBUG - [server.py:252] - Registering handler for ListResourcesRequest
2026-07-07 18:55:08,800 - mcp.server.lowlevel.server - DEBUG - [server.py:286] - Registering handler for ReadResourceRequest
2026-07-07 18:55:08,800 - mcp.server.lowlevel.server - DEBUG - [server.py:222] - Registering handler for PromptListRequest
2026-07-07 18:55:08,800 - mcp.server.lowlevel.server - DEBUG - [server.py:239] - Registering handler for GetPromptRequest
2026-07-07 18:55:08,800 - mcp.server.lowlevel.server - DEBUG - [server.py:267] - Registering handler for ListResourceTemplatesRequest
2026-07-07 18:55:08,812 - UnrealMCP - INFO - [editor_tools.py:369] - Editor tools registered successfully
2026-07-07 18:55:08,818 - UnrealMCP - INFO - [blueprint_tools.py:420] - Blueprint tools registered successfully
2026-07-07 18:55:08,826 - UnrealMCP - INFO - [node_tools.py:430] - Blueprint node tools registered successfully
2026-07-07 18:55:08,826 - UnrealMCP - INFO - [project_tools.py:64] - Project tools registered successfully
2026-07-07 18:55:08,832 - UnrealMCP - INFO - [umg_tools.py:333] - UMG tools registered successfully
2026-07-07 18:55:08,832 - UnrealMCP - INFO - [unreal_mcp_server.py:376] - Starting MCP server with stdio transport
2026-07-07 18:55:08,836 - asyncio - DEBUG - [proactor_events.py:631] - Using proactor: IocpProactor
2026-07-07 18:55:08,839 - UnrealMCP - INFO - [unreal_mcp_server.py:242] - UnrealMCP server starting up
2026-07-07 18:55:08,839 - UnrealMCP - INFO - [unreal_mcp_server.py:49] - Connecting to Unreal at 127.0.0.1:55557...
2026-07-07 18:55:10,865 - UnrealMCP - ERROR - [unreal_mcp_server.py:67] - Failed to connect to Unreal: [WinError 10061] 대상 컴퓨터에서 연결을 거부했으므로 연결하지 못했습니다
2026-07-07 18:55:10,865 - UnrealMCP - WARNING - [unreal_mcp_server.py:213] - Could not connect to Unreal Engine
2026-07-07 18:55:10,865 - UnrealMCP - WARNING - [unreal_mcp_server.py:248] - Could not connect to Unreal Engine on startup
2026-07-07 18:55:10,871 - mcp.server.lowlevel.server - DEBUG - [server.py:491] - Received message: root=InitializedNotification(method='notifications/initialized', params=None, jsonrpc='2.0')
2026-07-07 18:55:10,871 - mcp.server.lowlevel.server - DEBUG - [server.py:491] - Received message: <mcp.shared.session.RequestResponder object at 0x00000218E6F84E10>
2026-07-07 18:55:10,871 - mcp.server.lowlevel.server - INFO - [server.py:534] - Processing request of type ListToolsRequest
2026-07-07 18:55:10,871 - mcp.server.lowlevel.server - DEBUG - [server.py:537] - Dispatching request of type ListToolsRequest
2026-07-07 18:55:10,874 - mcp.server.lowlevel.server - DEBUG - [server.py:572] - Response sent
2026-07-07 18:55:10,874 - mcp.server.lowlevel.server - DEBUG - [server.py:491] - Received message: <mcp.shared.session.RequestResponder object at 0x00000218E6F84CD0>
2026-07-07 18:55:10,875 - mcp.server.lowlevel.server - INFO - [server.py:534] - Processing request of type ListPromptsRequest
2026-07-07 18:55:10,875 - mcp.server.lowlevel.server - DEBUG - [server.py:537] - Dispatching request of type ListPromptsRequest
2026-07-07 18:55:10,875 - mcp.server.lowlevel.server - DEBUG - [server.py:491] - Received message: <mcp.shared.session.RequestResponder object at 0x00000218E6DAE3F0>
2026-07-07 18:55:10,876 - mcp.server.lowlevel.server - INFO - [server.py:534] - Processing request of type ListResourcesRequest
2026-07-07 18:55:10,876 - mcp.server.lowlevel.server - DEBUG - [server.py:537] - Dispatching request of type ListResourcesRequest
2026-07-07 18:55:10,876 - mcp.server.fastmcp.resources.resource_manager - DEBUG - [resource_manager.py:89] - Listing resources
2026-07-07 18:55:10,876 - mcp.server.lowlevel.server - DEBUG - [server.py:572] - Response sent
2026-07-07 18:55:10,876 - mcp.server.lowlevel.server - DEBUG - [server.py:572] - Response sent
2026-07-07 19:26:53,758 - UnrealMCP - INFO - [unreal_mcp_server.py:259] - Unreal MCP server shut down
2026-07-07 19:26:57,053 - mcp.server.lowlevel.server - DEBUG - [server.py:145] - Initializing server 'UnrealMCP'
2026-07-07 19:26:57,053 - mcp.server.lowlevel.server - DEBUG - [server.py:384] - Registering handler for ListToolsRequest
2026-07-07 19:26:57,053 - mcp.server.lowlevel.server - DEBUG - [server.py:406] - Registering handler for CallToolRequest
2026-07-07 19:26:57,053 - mcp.server.lowlevel.server - DEBUG - [server.py:252] - Registering handler for ListResourcesRequest
2026-07-07 19:26:57,053 - mcp.server.lowlevel.server - DEBUG - [server.py:286] - Registering handler for ReadResourceRequest
2026-07-07 19:26:57,053 - mcp.server.lowlevel.server - DEBUG - [server.py:222] - Registering handler for PromptListRequest
2026-07-07 19:26:57,053 - mcp.server.lowlevel.server - DEBUG - [server.py:239] - Registering handler for GetPromptRequest
2026-07-07 19:26:57,053 - mcp.server.lowlevel.server - DEBUG - [server.py:267] - Registering handler for ListResourceTemplatesRequest
2026-07-07 19:26:57,067 - UnrealMCP - INFO - [editor_tools.py:369] - Editor tools registered successfully
2026-07-07 19:26:57,074 - UnrealMCP - INFO - [blueprint_tools.py:420] - Blueprint tools registered successfully
2026-07-07 19:26:57,083 - UnrealMCP - INFO - [node_tools.py:430] - Blueprint node tools registered successfully
2026-07-07 19:26:57,084 - UnrealMCP - INFO - [project_tools.py:64] - Project tools registered successfully
2026-07-07 19:26:57,091 - UnrealMCP - INFO - [umg_tools.py:333] - UMG tools registered successfully
2026-07-07 19:26:57,091 - UnrealMCP - INFO - [unreal_mcp_server.py:376] - Starting MCP server with stdio transport
2026-07-07 19:26:57,096 - asyncio - DEBUG - [proactor_events.py:631] - Using proactor: IocpProactor
2026-07-07 19:26:57,098 - UnrealMCP - INFO - [unreal_mcp_server.py:242] - UnrealMCP server starting up
2026-07-07 19:26:57,099 - UnrealMCP - INFO - [unreal_mcp_server.py:49] - Connecting to Unreal at 127.0.0.1:55557...
2026-07-07 19:26:59,122 - UnrealMCP - ERROR - [unreal_mcp_server.py:67] - Failed to connect to Unreal: [WinError 10061] 대상 컴퓨터에서 연결을 거부했으므로 연결하지 못했습니다
2026-07-07 19:26:59,122 - UnrealMCP - WARNING - [unreal_mcp_server.py:213] - Could not connect to Unreal Engine
2026-07-07 19:26:59,122 - UnrealMCP - WARNING - [unreal_mcp_server.py:248] - Could not connect to Unreal Engine on startup
2026-07-07 19:26:59,129 - mcp.server.lowlevel.server - DEBUG - [server.py:491] - Received message: root=InitializedNotification(method='notifications/initialized', params=None, jsonrpc='2.0')
2026-07-07 19:26:59,130 - mcp.server.lowlevel.server - DEBUG - [server.py:491] - Received message: <mcp.shared.session.RequestResponder object at 0x0000020BD5EC4E10>
2026-07-07 19:26:59,130 - mcp.server.lowlevel.server - INFO - [server.py:534] - Processing request of type ListToolsRequest
2026-07-07 19:26:59,130 - mcp.server.lowlevel.server - DEBUG - [server.py:537] - Dispatching request of type ListToolsRequest
2026-07-07 19:26:59,133 - mcp.server.lowlevel.server - DEBUG - [server.py:572] - Response sent
2026-07-07 19:26:59,134 - mcp.server.lowlevel.server - DEBUG - [server.py:491] - Received message: <mcp.shared.session.RequestResponder object at 0x0000020BD5EC4CD0>
2026-07-07 19:26:59,134 - mcp.server.lowlevel.server - INFO - [server.py:534] - Processing request of type ListPromptsRequest
2026-07-07 19:26:59,134 - mcp.server.lowlevel.server - DEBUG - [server.py:537] - Dispatching request of type ListPromptsRequest
2026-07-07 19:26:59,134 - mcp.server.lowlevel.server - DEBUG - [server.py:491] - Received message: <mcp.shared.session.RequestResponder object at 0x0000020BD5CF23F0>
2026-07-07 19:26:59,135 - mcp.server.lowlevel.server - INFO - [server.py:534] - Processing request of type ListResourcesRequest
2026-07-07 19:26:59,135 - mcp.server.lowlevel.server - DEBUG - [server.py:537] - Dispatching request of type ListResourcesRequest
2026-07-07 19:26:59,135 - mcp.server.fastmcp.resources.resource_manager - DEBUG - [resource_manager.py:89] - Listing resources
2026-07-07 19:26:59,135 - mcp.server.lowlevel.server - DEBUG - [server.py:572] - Response sent
2026-07-07 19:26:59,135 - mcp.server.lowlevel.server - DEBUG - [server.py:572] - Response sent
2026-07-07 19:42:21,010 - UnrealMCP - INFO - [unreal_mcp_server.py:259] - Unreal MCP server shut down
2026-07-08 21:40:25,222 - mcp.server.lowlevel.server - DEBUG - [server.py:145] - Initializing server 'UnrealMCP'
2026-07-08 21:40:25,222 - mcp.server.lowlevel.server - DEBUG - [server.py:384] - Registering handler for ListToolsRequest
2026-07-08 21:40:25,222 - mcp.server.lowlevel.server - DEBUG - [server.py:406] - Registering handler for CallToolRequest
2026-07-08 21:40:25,222 - mcp.server.lowlevel.server - DEBUG - [server.py:252] - Registering handler for ListResourcesRequest
2026-07-08 21:40:25,222 - mcp.server.lowlevel.server - DEBUG - [server.py:286] - Registering handler for ReadResourceRequest
2026-07-08 21:40:25,222 - mcp.server.lowlevel.server - DEBUG - [server.py:222] - Registering handler for PromptListRequest
2026-07-08 21:40:25,222 - mcp.server.lowlevel.server - DEBUG - [server.py:239] - Registering handler for GetPromptRequest
2026-07-08 21:40:25,222 - mcp.server.lowlevel.server - DEBUG - [server.py:267] - Registering handler for ListResourceTemplatesRequest
2026-07-08 21:40:25,241 - UnrealMCP - INFO - [editor_tools.py:369] - Editor tools registered successfully
2026-07-08 21:40:25,248 - UnrealMCP - INFO - [blueprint_tools.py:420] - Blueprint tools registered successfully
2026-07-08 21:40:25,258 - UnrealMCP - INFO - [node_tools.py:430] - Blueprint node tools registered successfully
2026-07-08 21:40:25,259 - UnrealMCP - INFO - [project_tools.py:64] - Project tools registered successfully
2026-07-08 21:40:25,266 - UnrealMCP - INFO - [umg_tools.py:333] - UMG tools registered successfully
2026-07-08 21:40:25,267 - UnrealMCP - INFO - [unreal_mcp_server.py:376] - Starting MCP server with stdio transport
2026-07-08 21:40:25,273 - asyncio - DEBUG - [proactor_events.py:631] - Using proactor: IocpProactor
2026-07-08 21:40:25,276 - UnrealMCP - INFO - [unreal_mcp_server.py:242] - UnrealMCP server starting up
2026-07-08 21:40:25,276 - UnrealMCP - INFO - [unreal_mcp_server.py:49] - Connecting to Unreal at 127.0.0.1:55557...
2026-07-08 21:40:27,309 - UnrealMCP - ERROR - [unreal_mcp_server.py:67] - Failed to connect to Unreal: [WinError 10061] 대상 컴퓨터에서 연결을 거부했으므로 연결하지 못했습니다
2026-07-08 21:40:27,309 - UnrealMCP - WARNING - [unreal_mcp_server.py:213] - Could not connect to Unreal Engine
2026-07-08 21:40:27,310 - UnrealMCP - WARNING - [unreal_mcp_server.py:248] - Could not connect to Unreal Engine on startup
2026-07-08 21:40:27,317 - mcp.server.lowlevel.server - DEBUG - [server.py:491] - Received message: root=InitializedNotification(method='notifications/initialized', params=None, jsonrpc='2.0')
2026-07-08 21:40:27,318 - mcp.server.lowlevel.server - DEBUG - [server.py:491] - Received message: <mcp.shared.session.RequestResponder object at 0x000001E9CA298E10>
2026-07-08 21:40:27,318 - mcp.server.lowlevel.server - INFO - [server.py:534] - Processing request of type ListToolsRequest
2026-07-08 21:40:27,318 - mcp.server.lowlevel.server - DEBUG - [server.py:537] - Dispatching request of type ListToolsRequest
2026-07-08 21:40:27,320 - mcp.server.lowlevel.server - DEBUG - [server.py:572] - Response sent
2026-07-08 21:40:27,321 - mcp.server.lowlevel.server - DEBUG - [server.py:491] - Received message: <mcp.shared.session.RequestResponder object at 0x000001E9CA298CD0>
2026-07-08 21:40:27,322 - mcp.server.lowlevel.server - INFO - [server.py:534] - Processing request of type ListPromptsRequest
2026-07-08 21:40:27,322 - mcp.server.lowlevel.server - DEBUG - [server.py:537] - Dispatching request of type ListPromptsRequest
2026-07-08 21:40:27,322 - mcp.server.lowlevel.server - DEBUG - [server.py:491] - Received message: <mcp.shared.session.RequestResponder object at 0x000001E9CA0BE3F0>
2026-07-08 21:40:27,322 - mcp.server.lowlevel.server - INFO - [server.py:534] - Processing request of type ListResourcesRequest
2026-07-08 21:40:27,323 - mcp.server.lowlevel.server - DEBUG - [server.py:537] - Dispatching request of type ListResourcesRequest
2026-07-08 21:40:27,323 - mcp.server.fastmcp.resources.resource_manager - DEBUG - [resource_manager.py:89] - Listing resources
2026-07-08 21:40:27,323 - mcp.server.lowlevel.server - DEBUG - [server.py:572] - Response sent
2026-07-08 21:40:27,323 - mcp.server.lowlevel.server - DEBUG - [server.py:572] - Response sent
2026-07-09 01:15:45,652 - UnrealMCP - INFO - [unreal_mcp_server.py:259] - Unreal MCP server shut down
2026-07-09 19:07:26,969 - mcp.server.lowlevel.server - DEBUG - [server.py:145] - Initializing server 'UnrealMCP'
2026-07-09 19:07:26,969 - mcp.server.lowlevel.server - DEBUG - [server.py:384] - Registering handler for ListToolsRequest
2026-07-09 19:07:26,969 - mcp.server.lowlevel.server - DEBUG - [server.py:406] - Registering handler for CallToolRequest
2026-07-09 19:07:26,969 - mcp.server.lowlevel.server - DEBUG - [server.py:252] - Registering handler for ListResourcesRequest
2026-07-09 19:07:26,969 - mcp.server.lowlevel.server - DEBUG - [server.py:286] - Registering handler for ReadResourceRequest
2026-07-09 19:07:26,969 - mcp.server.lowlevel.server - DEBUG - [server.py:222] - Registering handler for PromptListRequest
2026-07-09 19:07:26,969 - mcp.server.lowlevel.server - DEBUG - [server.py:239] - Registering handler for GetPromptRequest
2026-07-09 19:07:26,969 - mcp.server.lowlevel.server - DEBUG - [server.py:267] - Registering handler for ListResourceTemplatesRequest
2026-07-09 19:07:26,985 - UnrealMCP - INFO - [editor_tools.py:369] - Editor tools registered successfully
2026-07-09 19:07:26,991 - UnrealMCP - INFO - [blueprint_tools.py:420] - Blueprint tools registered successfully
2026-07-09 19:07:26,999 - UnrealMCP - INFO - [node_tools.py:430] - Blueprint node tools registered successfully
2026-07-09 19:07:27,000 - UnrealMCP - INFO - [project_tools.py:64] - Project tools registered successfully
2026-07-09 19:07:27,005 - UnrealMCP - INFO - [umg_tools.py:333] - UMG tools registered successfully
2026-07-09 19:07:27,006 - UnrealMCP - INFO - [unreal_mcp_server.py:376] - Starting MCP server with stdio transport
2026-07-09 19:07:27,011 - asyncio - DEBUG - [proactor_events.py:631] - Using proactor: IocpProactor
2026-07-09 19:07:27,014 - UnrealMCP - INFO - [unreal_mcp_server.py:242] - UnrealMCP server starting up
2026-07-09 19:07:27,014 - UnrealMCP - INFO - [unreal_mcp_server.py:49] - Connecting to Unreal at 127.0.0.1:55557...
2026-07-09 19:07:27,038 - UnrealMCP - INFO - [unreal_mcp_server.py:63] - Connected to Unreal Engine
2026-07-09 19:07:27,038 - UnrealMCP - INFO - [unreal_mcp_server.py:246] - Connected to Unreal Engine on startup
2026-07-09 19:07:27,045 - mcp.server.lowlevel.server - DEBUG - [server.py:491] - Received message: root=InitializedNotification(method='notifications/initialized', params=None, jsonrpc='2.0')
2026-07-09 19:07:27,045 - mcp.server.lowlevel.server - DEBUG - [server.py:491] - Received message: <mcp.shared.session.RequestResponder object at 0x000001750A794E10>
2026-07-09 19:07:27,045 - mcp.server.lowlevel.server - INFO - [server.py:534] - Processing request of type ListToolsRequest
2026-07-09 19:07:27,045 - mcp.server.lowlevel.server - DEBUG - [server.py:537] - Dispatching request of type ListToolsRequest
2026-07-09 19:07:27,048 - mcp.server.lowlevel.server - DEBUG - [server.py:572] - Response sent
2026-07-09 19:07:27,049 - mcp.server.lowlevel.server - DEBUG - [server.py:491] - Received message: <mcp.shared.session.RequestResponder object at 0x000001750A794CD0>
2026-07-09 19:07:27,049 - mcp.server.lowlevel.server - INFO - [server.py:534] - Processing request of type ListPromptsRequest
2026-07-09 19:07:27,049 - mcp.server.lowlevel.server - DEBUG - [server.py:537] - Dispatching request of type ListPromptsRequest
2026-07-09 19:07:27,049 - mcp.server.lowlevel.server - DEBUG - [server.py:491] - Received message: <mcp.shared.session.RequestResponder object at 0x000001750A5C23F0>
2026-07-09 19:07:27,049 - mcp.server.lowlevel.server - INFO - [server.py:534] - Processing request of type ListResourcesRequest
2026-07-09 19:07:27,049 - mcp.server.lowlevel.server - DEBUG - [server.py:537] - Dispatching request of type ListResourcesRequest
2026-07-09 19:07:27,049 - mcp.server.fastmcp.resources.resource_manager - DEBUG - [resource_manager.py:89] - Listing resources
2026-07-09 19:07:27,050 - mcp.server.lowlevel.server - DEBUG - [server.py:572] - Response sent
2026-07-09 19:07:27,050 - mcp.server.lowlevel.server - DEBUG - [server.py:572] - Response sent
2026-07-09 20:30:58,503 - UnrealMCP - INFO - [unreal_mcp_server.py:259] - Unreal MCP server shut down
2026-07-09 20:31:01,404 - mcp.server.lowlevel.server - DEBUG - [server.py:145] - Initializing server 'UnrealMCP'
2026-07-09 20:31:01,404 - mcp.server.lowlevel.server - DEBUG - [server.py:384] - Registering handler for ListToolsRequest
2026-07-09 20:31:01,404 - mcp.server.lowlevel.server - DEBUG - [server.py:406] - Registering handler for CallToolRequest
2026-07-09 20:31:01,404 - mcp.server.lowlevel.server - DEBUG - [server.py:252] - Registering handler for ListResourcesRequest
2026-07-09 20:31:01,404 - mcp.server.lowlevel.server - DEBUG - [server.py:286] - Registering handler for ReadResourceRequest
2026-07-09 20:31:01,404 - mcp.server.lowlevel.server - DEBUG - [server.py:222] - Registering handler for PromptListRequest
2026-07-09 20:31:01,404 - mcp.server.lowlevel.server - DEBUG - [server.py:239] - Registering handler for GetPromptRequest
2026-07-09 20:31:01,404 - mcp.server.lowlevel.server - DEBUG - [server.py:267] - Registering handler for ListResourceTemplatesRequest
2026-07-09 20:31:01,417 - UnrealMCP - INFO - [editor_tools.py:369] - Editor tools registered successfully
2026-07-09 20:31:01,423 - UnrealMCP - INFO - [blueprint_tools.py:420] - Blueprint tools registered successfully
2026-07-09 20:31:01,431 - UnrealMCP - INFO - [node_tools.py:430] - Blueprint node tools registered successfully
2026-07-09 20:31:01,432 - UnrealMCP - INFO - [project_tools.py:64] - Project tools registered successfully
2026-07-09 20:31:01,438 - UnrealMCP - INFO - [umg_tools.py:333] - UMG tools registered successfully
2026-07-09 20:31:01,438 - UnrealMCP - INFO - [unreal_mcp_server.py:376] - Starting MCP server with stdio transport
2026-07-09 20:31:01,443 - asyncio - DEBUG - [proactor_events.py:631] - Using proactor: IocpProactor
2026-07-09 20:31:01,445 - UnrealMCP - INFO - [unreal_mcp_server.py:242] - UnrealMCP server starting up
2026-07-09 20:31:01,445 - UnrealMCP - INFO - [unreal_mcp_server.py:49] - Connecting to Unreal at 127.0.0.1:55557...
2026-07-09 20:31:01,445 - UnrealMCP - INFO - [unreal_mcp_server.py:63] - Connected to Unreal Engine
2026-07-09 20:31:01,445 - UnrealMCP - INFO - [unreal_mcp_server.py:246] - Connected to Unreal Engine on startup
2026-07-09 20:31:01,452 - mcp.server.lowlevel.server - DEBUG - [server.py:491] - Received message: root=InitializedNotification(method='notifications/initialized', params=None, jsonrpc='2.0')
2026-07-09 20:31:01,453 - mcp.server.lowlevel.server - DEBUG - [server.py:491] - Received message: <mcp.shared.session.RequestResponder object at 0x000001AA3DA88E10>
2026-07-09 20:31:01,453 - mcp.server.lowlevel.server - INFO - [server.py:534] - Processing request of type ListToolsRequest
2026-07-09 20:31:01,453 - mcp.server.lowlevel.server - DEBUG - [server.py:537] - Dispatching request of type ListToolsRequest
2026-07-09 20:31:01,455 - mcp.server.lowlevel.server - DEBUG - [server.py:572] - Response sent
2026-07-09 20:31:01,456 - mcp.server.lowlevel.server - DEBUG - [server.py:491] - Received message: <mcp.shared.session.RequestResponder object at 0x000001AA3DA88CD0>
2026-07-09 20:31:01,457 - mcp.server.lowlevel.server - INFO - [server.py:534] - Processing request of type ListPromptsRequest
2026-07-09 20:31:01,457 - mcp.server.lowlevel.server - DEBUG - [server.py:537] - Dispatching request of type ListPromptsRequest
2026-07-09 20:31:01,457 - mcp.server.lowlevel.server - DEBUG - [server.py:491] - Received message: <mcp.shared.session.RequestResponder object at 0x000001AA3D8AE3F0>
2026-07-09 20:31:01,457 - mcp.server.lowlevel.server - INFO - [server.py:534] - Processing request of type ListResourcesRequest
2026-07-09 20:31:01,457 - mcp.server.lowlevel.server - DEBUG - [server.py:537] - Dispatching request of type ListResourcesRequest
2026-07-09 20:31:01,457 - mcp.server.fastmcp.resources.resource_manager - DEBUG - [resource_manager.py:89] - Listing resources
2026-07-09 20:31:01,458 - mcp.server.lowlevel.server - DEBUG - [server.py:572] - Response sent
2026-07-09 20:31:01,458 - mcp.server.lowlevel.server - DEBUG - [server.py:572] - Response sent
2026-07-09 20:34:26,961 - mcp.server.lowlevel.server - DEBUG - [server.py:491] - Received message: <mcp.shared.session.RequestResponder object at 0x000001AA3D8AE9E0>
2026-07-09 20:34:26,962 - mcp.server.lowlevel.server - INFO - [server.py:534] - Processing request of type CallToolRequest
2026-07-09 20:34:26,962 - mcp.server.lowlevel.server - DEBUG - [server.py:537] - Dispatching request of type CallToolRequest
2026-07-09 20:34:26,966 - mcp.server.lowlevel.server - DEBUG - [server.py:145] - Initializing server 'UnrealMCP'
2026-07-09 20:34:26,966 - mcp.server.lowlevel.server - DEBUG - [server.py:384] - Registering handler for ListToolsRequest
2026-07-09 20:34:26,966 - mcp.server.lowlevel.server - DEBUG - [server.py:406] - Registering handler for CallToolRequest
2026-07-09 20:34:26,967 - mcp.server.lowlevel.server - DEBUG - [server.py:252] - Registering handler for ListResourcesRequest
2026-07-09 20:34:26,967 - mcp.server.lowlevel.server - DEBUG - [server.py:286] - Registering handler for ReadResourceRequest
2026-07-09 20:34:26,967 - mcp.server.lowlevel.server - DEBUG - [server.py:222] - Registering handler for PromptListRequest
2026-07-09 20:34:26,967 - mcp.server.lowlevel.server - DEBUG - [server.py:239] - Registering handler for GetPromptRequest
2026-07-09 20:34:26,967 - mcp.server.lowlevel.server - DEBUG - [server.py:267] - Registering handler for ListResourceTemplatesRequest
2026-07-09 20:34:26,973 - UnrealMCP - INFO - [editor_tools.py:369] - Editor tools registered successfully
2026-07-09 20:34:26,979 - UnrealMCP - INFO - [blueprint_tools.py:420] - Blueprint tools registered successfully
2026-07-09 20:34:26,985 - UnrealMCP - INFO - [node_tools.py:430] - Blueprint node tools registered successfully
2026-07-09 20:34:26,986 - UnrealMCP - INFO - [project_tools.py:64] - Project tools registered successfully
2026-07-09 20:34:26,992 - UnrealMCP - INFO - [umg_tools.py:333] - UMG tools registered successfully
2026-07-09 20:34:26,992 - UnrealMCP - INFO - [unreal_mcp_server.py:49] - Connecting to Unreal at 127.0.0.1:55557...
2026-07-09 20:34:27,012 - UnrealMCP - INFO - [unreal_mcp_server.py:63] - Connected to Unreal Engine
2026-07-09 20:34:27,012 - UnrealMCP - INFO - [unreal_mcp_server.py:49] - Connecting to Unreal at 127.0.0.1:55557...
2026-07-09 20:34:27,027 - UnrealMCP - INFO - [unreal_mcp_server.py:63] - Connected to Unreal Engine
2026-07-09 20:34:27,027 - UnrealMCP - INFO - [unreal_mcp_server.py:151] - Sending command: {"type": "find_actors_by_name", "params": {"pattern": "*SpawnGroup*"}}
2026-07-09 20:34:27,231 - UnrealMCP - INFO - [unreal_mcp_server.py:101] - Received complete response (63 bytes)
2026-07-09 20:34:27,232 - UnrealMCP - INFO - [unreal_mcp_server.py:159] - Complete response from Unreal: {'status': 'success', 'result': {'actors': []}}
2026-07-09 20:34:27,232 - mcp.server.lowlevel.server - DEBUG - [server.py:572] - Response sent
2026-07-09 20:34:58,631 - mcp.server.lowlevel.server - DEBUG - [server.py:491] - Received message: <mcp.shared.session.RequestResponder object at 0x000001AA3D983890>
2026-07-09 20:34:58,631 - mcp.server.lowlevel.server - INFO - [server.py:534] - Processing request of type CallToolRequest
2026-07-09 20:34:58,631 - mcp.server.lowlevel.server - DEBUG - [server.py:537] - Dispatching request of type CallToolRequest
2026-07-09 20:34:58,631 - UnrealMCP - WARNING - [unreal_mcp_server.py:222] - Existing connection failed: 'NoneType' object has no attribute 'sendall'
2026-07-09 20:34:58,631 - UnrealMCP - INFO - [unreal_mcp_server.py:49] - Connecting to Unreal at 127.0.0.1:55557...
2026-07-09 20:34:58,632 - UnrealMCP - INFO - [unreal_mcp_server.py:63] - Connected to Unreal Engine
2026-07-09 20:34:58,632 - UnrealMCP - INFO - [unreal_mcp_server.py:231] - Successfully reconnected to Unreal Engine
2026-07-09 20:34:58,632 - UnrealMCP - INFO - [unreal_mcp_server.py:49] - Connecting to Unreal at 127.0.0.1:55557...
2026-07-09 20:34:58,632 - UnrealMCP - INFO - [unreal_mcp_server.py:63] - Connected to Unreal Engine
2026-07-09 20:34:58,632 - UnrealMCP - INFO - [unreal_mcp_server.py:151] - Sending command: {"type": "find_actors_by_name", "params": {"pattern": "SpawnGroup"}}
2026-07-09 20:34:58,901 - UnrealMCP - INFO - [unreal_mcp_server.py:101] - Received complete response (555 bytes)
2026-07-09 20:34:58,901 - UnrealMCP - INFO - [unreal_mcp_server.py:159] - Complete response from Unreal: {'status': 'success', 'result': {'actors': [{'name': 'BP_DREnemySpawnGroup_Room4_C_1', 'class': 'BP_DREnemySpawnGroup_Room4_C', 'location': [3626.774413039759, -2964.635753492862, 97.20347855483442], 'rotation': [0, 0, 0], 'scale': [1, 1, 1]}, {'name': 'BP_DREnemySpawnGroup_Room5_C_1', 'class': 'BP_DREnemySpawnGroup_Room5_C', 'location': [-3580.9400365880824, -3185.2339214354115, -15.227017798182715], 'rotation': [0, 0, 0], 'scale': [1, 1, 1]}]}}
2026-07-09 20:34:58,901 - mcp.server.lowlevel.server - DEBUG - [server.py:572] - Response sent
2026-07-09 20:36:45,106 - mcp.server.lowlevel.server - DEBUG - [server.py:491] - Received message: <mcp.shared.session.RequestResponder object at 0x000001AA3D89AF10>
2026-07-09 20:36:45,106 - mcp.server.lowlevel.server - INFO - [server.py:534] - Processing request of type CallToolRequest
2026-07-09 20:36:45,106 - mcp.server.lowlevel.server - DEBUG - [server.py:537] - Dispatching request of type CallToolRequest
2026-07-09 20:36:45,106 - UnrealMCP - WARNING - [unreal_mcp_server.py:222] - Existing connection failed: 'NoneType' object has no attribute 'sendall'
2026-07-09 20:36:45,106 - UnrealMCP - INFO - [unreal_mcp_server.py:49] - Connecting to Unreal at 127.0.0.1:55557...
2026-07-09 20:36:45,107 - UnrealMCP - INFO - [unreal_mcp_server.py:63] - Connected to Unreal Engine
2026-07-09 20:36:45,107 - UnrealMCP - INFO - [unreal_mcp_server.py:231] - Successfully reconnected to Unreal Engine
2026-07-09 20:36:45,107 - UnrealMCP - INFO - [unreal_mcp_server.py:49] - Connecting to Unreal at 127.0.0.1:55557...
2026-07-09 20:36:45,126 - UnrealMCP - INFO - [unreal_mcp_server.py:63] - Connected to Unreal Engine
2026-07-09 20:36:45,126 - UnrealMCP - INFO - [unreal_mcp_server.py:151] - Sending command: {"type": "get_actors_in_level", "params": {}}
2026-07-09 20:36:45,594 - UnrealMCP - DEBUG - [unreal_mcp_server.py:105] - Received partial response, waiting for more data...
2026-07-09 20:36:45,594 - UnrealMCP - DEBUG - [unreal_mcp_server.py:105] - Received partial response, waiting for more data...
2026-07-09 20:36:45,594 - UnrealMCP - DEBUG - [unreal_mcp_server.py:105] - Received partial response, waiting for more data...
2026-07-09 20:36:45,595 - UnrealMCP - DEBUG - [unreal_mcp_server.py:105] - Received partial response, waiting for more data...
2026-07-09 20:36:45,595 - UnrealMCP - DEBUG - [unreal_mcp_server.py:105] - Received partial response, waiting for more data...
2026-07-09 20:36:45,595 - UnrealMCP - DEBUG - [unreal_mcp_server.py:105] - Received partial response, waiting for more data...
2026-07-09 20:36:45,595 - UnrealMCP - DEBUG - [unreal_mcp_server.py:105] - Received partial response, waiting for more data...
2026-07-09 20:36:45,596 - UnrealMCP - DEBUG - [unreal_mcp_server.py:105] - Received partial response, waiting for more data...
2026-07-09 20:36:45,597 - UnrealMCP - DEBUG - [unreal_mcp_server.py:105] - Received partial response, waiting for more data...
2026-07-09 20:36:45,597 - UnrealMCP - DEBUG - [unreal_mcp_server.py:105] - Received partial response, waiting for more data...
2026-07-09 20:36:45,598 - UnrealMCP - DEBUG - [unreal_mcp_server.py:105] - Received partial response, waiting for more data...
2026-07-09 20:36:45,598 - UnrealMCP - DEBUG - [unreal_mcp_server.py:105] - Received partial response, waiting for more data...
2026-07-09 20:36:45,599 - UnrealMCP - DEBUG - [unreal_mcp_server.py:105] - Received partial response, waiting for more data...
2026-07-09 20:36:45,599 - UnrealMCP - DEBUG - [unreal_mcp_server.py:105] - Received partial response, waiting for more data...
2026-07-09 20:36:45,600 - UnrealMCP - DEBUG - [unreal_mcp_server.py:105] - Received partial response, waiting for more data...
2026-07-09 20:36:45,600 - UnrealMCP - DEBUG - [unreal_mcp_server.py:105] - Received partial response, waiting for more data...
2026-07-09 20:36:45,601 - UnrealMCP - DEBUG - [unreal_mcp_server.py:105] - Received partial response, waiting for more data...
2026-07-09 20:36:45,602 - UnrealMCP - DEBUG - [unreal_mcp_server.py:105] - Received partial response, waiting for more data...
2026-07-09 20:36:45,602 - UnrealMCP - DEBUG - [unreal_mcp_server.py:105] - Received partial response, waiting for more data...
2026-07-09 20:36:45,603 - UnrealMCP - DEBUG - [unreal_mcp_server.py:105] - Received partial response, waiting for more data...
2026-07-09 20:36:45,604 - UnrealMCP - DEBUG - [unreal_mcp_server.py:105] - Received partial response, waiting for more data...
2026-07-09 20:36:45,605 - UnrealMCP - INFO - [unreal_mcp_server.py:101] - Received complete response (88537 bytes)
2026-07-09 20:36:45,606 - UnrealMCP - INFO - [unreal_mcp_server.py:159] - Complete response from Unreal: {'status': 'success', 'result': {'actors': [{'name': 'WorldSettings', 'class': 'WorldSettings', 'location': [0, 0, 0], 'rotation': [0, 0, 0], 'scale': [1, 1, 1]}, {'name': 'Brush_0', 'class': 'Brush', 'location': [-705, 1075, 225], 'rotation': [0, 0, 0], 'scale': [1, 1, 1]}, {'name': 'BP_EliteBossSpawnPoint_C_1', 'class': 'BP_EliteBossSpawnPoint_C', 'location': [-33.316784652826456, -4713.510548108878, 271.5422873202613], 'rotation': [0, 0, 0], 'scale': [1, 1, 1]}, {'name': 'NavMeshBoundsVolume_1', 'class': 'NavMeshBoundsVolume', 'location': [-337.38539194153407, -4037.667179592884, -39.72341086924152], 'rotation': [0, 0, 0], 'scale': [62.923789978027344, 47.15823745727539, 4.067651748657227]}, {'name': 'PlayerStart_3', 'class': 'PlayerStart', 'location': [-16.36294220713465, -6807.278143701256, 94.71363478621689], 'rotation': [0, 89.99999930282692, 0], 'scale': [1, 1, 1]}, {'name': 'TargetPoint_3', 'class': 'TargetPoint', 'location': [-2189.066306, -4886.696848, 207.443389], 'rotation': [0, 0, 0], 'scale': [1, 1, 1]}, {'name': 'TargetPoint_4', 'class': 'TargetPoint', 'location': [-1565.786855, -4886.696848, 207.443392], 'rotation': [0, 0, 0], 'scale': [1, 1, 1]}, {'name': 'TargetPoint_5', 'class': 'TargetPoint', 'location': [-940.363918, -4886.696848, 207.443379], 'rotation': [0, 0, 0], 'scale': [1, 1, 1]}, {'name': 'TargetPoint_6', 'class': 'TargetPoint', 'location': [-321.154777, -4886.696848, 207.443378], 'rotation': [0, 0, 0], 'scale': [1, 1, 1]}, {'name': 'TargetPoint_7', 'class': 'TargetPoint', 'location': [303.471918, -4886.696848, 207.443378], 'rotation': [0, 0, 0], 'scale': [1, 1, 1]}, {'name': 'TargetPoint_8', 'class': 'TargetPoint', 'location': [927.787432, -4886.696848, 207.44338], 'rotation': [0, 0, 0], 'scale': [1, 1, 1]}, {'name': 'TargetPoint_9', 'class': 'TargetPoint', 'location': [1560.959366, -4886.696848, 207.443376], 'rotation': [0, 0, 0], 'scale': [1, 1, 1]}, {'name': 'TargetPoint_10', 'class': 'TargetPoint', 'location': [2188.851586, -4886.696848, 207.443378], 'rotation': [0, 0, 0], 'scale': [1, 1, 1]}, {'name': 'TargetPoint_11', 'class': 'TargetPoint', 'location': [-2189.066306, -4208.8458, 207.443423], 'rotation': [0, 0, 0], 'scale': [1, 1, 1]}, {'name': 'TargetPoint_12', 'class': 'TargetPoint', 'location': [-1565.786855, -4208.8458, 207.443426], 'rotation': [0, 0, 0], 'scale': [1, 1, 1]}, {'name': 'TargetPoint_13', 'class': 'TargetPoint', 'location': [-940.363918, -4208.8458, 207.443413], 'rotation': [0, 0, 0], 'scale': [1, 1, 1]}, {'name': 'TargetPoint_14', 'class': 'TargetPoint', 'location': [-321.154777, -4208.8458, 207.443412], 'rotation': [0, 0, 0], 'scale': [1, 1, 1]}, {'name': 'TargetPoint_15', 'class': 'TargetPoint', 'location': [303.471918, -4208.8458, 207.443412], 'rotation': [0, 0, 0], 'scale': [1, 1, 1]}, {'name': 'TargetPoint_16', 'class': 'TargetPoint', 'location': [927.787432, -4208.8458, 207.443414], 'rotation': [0, 0, 0], 'scale': [1, 1, 1]}, {'name': 'TargetPoint_17', 'class': 'TargetPoint', 'location': [1560.959366, -4208.8458, 207.44341], 'rotation': [0, 0, 0], 'scale': [1, 1, 1]}, {'name': 'TargetPoint_18', 'class': 'TargetPoint', 'location': [2188.851586, -4208.8458, 207.443412], 'rotation': [0, 0, 0], 'scale': [1, 1, 1]}, {'name': 'TargetPoint_19', 'class': 'TargetPoint', 'location': [-2189.066305, -3526.782607, 207.44345], 'rotation': [0, 0, 0], 'scale': [1, 1, 1]}, {'name': 'TargetPoint_20', 'class': 'TargetPoint', 'location': [-1565.786854, -3526.782607, 207.443453], 'rotation': [0, 0, 0], 'scale': [1, 1, 1]}, {'name': 'TargetPoint_21', 'class': 'TargetPoint', 'location': [-940.363917, -3526.782607, 207.44344], 'rotation': [0, 0, 0], 'scale': [1, 1, 1]}, {'name': 'TargetPoint_22', 'class': 'TargetPoint', 'location': [-321.154776, -3526.782607, 207.443439], 'rotation': [0, 0, 0], 'scale': [1, 1, 1]}, {'name': 'TargetPoint_23', 'class': 'TargetPoint', 'location': [303.471919, -3526.782607, 207.443439], 'rotation': [0, 0, 0], 'scale': [1, 1, 1]}, {'name': 'TargetPoint_24', 'class': 'TargetPoint', 'location': [927.787433, -3526.782607, 207.443441], 'rotation': [0, 0, 0], 'scale': [1, 1, 1]}, {'name': 'TargetPoint_25', 'class': 'TargetPoint', 'location': [1560.959367, -3526.782607, 207.443437], 'rotation': [0, 0, 0], 'scale': [1, 1, 1]}, {'name': 'TargetPoint_26', 'class': 'TargetPoint', 'location': [2188.851587, -3526.782607, 207.443439], 'rotation': [0, 0, 0], 'scale': [1, 1, 1]}, {'name': 'TargetPoint_27', 'class': 'TargetPoint', 'location': [-2189.066303, -2852.904798, 207.443427], 'rotation': [0, 0, 0], 'scale': [1, 1, 1]}, {'name': 'TargetPoint_28', 'class': 'TargetPoint', 'location': [-1565.786852, -2852.904798, 207.44343], 'rotation': [0, 0, 0], 'scale': [1, 1, 1]}, {'name': 'TargetPoint_29', 'class': 'TargetPoint', 'location': [-940.363915, -2852.904798, 207.443417], 'rotation': [0, 0, 0], 'scale': [1, 1, 1]}, {'name': 'TargetPoint_30', 'class': 'TargetPoint', 'location': [-321.154774, -2852.904798, 207.443416], 'rotation': [0, 0, 0], 'scale': [1, 1, 1]}, {'name': 'TargetPoint_31', 'class': 'TargetPoint', 'location': [303.471921, -2852.904798, 207.443416], 'rotation': [0, 0, 0], 'scale': [1, 1, 1]}, {'name': 'TargetPoint_32', 'class': 'TargetPoint', 'location': [927.787435, -2852.904798, 207.443418], 'rotation': [0, 0, 0], 'scale': [1, 1, 1]}, {'name': 'TargetPoint_33', 'class': 'TargetPoint', 'location': [1560.959369, -2852.904798, 207.443414], 'rotation': [0, 0, 0], 'scale': [1, 1, 1]}, {'name': 'TargetPoint_34', 'class': 'TargetPoint', 'location': [2188.851589, -2852.904798, 207.443416], 'rotation': [0, 0, 0], 'scale': [1, 1, 1]}, {'name': 'TargetPoint_35', 'class': 'TargetPoint', 'location': [-2189.066304, -2188.42277, 207.44343], 'rotation': [0, 0, 0], 'scale': [1, 1, 1]}, {'name': 'TargetPoint_36', 'class': 'TargetPoint', 'location': [-1565.786853, -2188.42277, 207.443433], 'rotation': [0, 0, 0], 'scale': [1, 1, 1]}, {'name': 'TargetPoint_37', 'class': 'TargetPoint', 'location': [-940.363916, -2188.42277, 207.44342], 'rotation': [0, 0, 0], 'scale': [1, 1, 1]}, {'name': 'TargetPoint_38', 'class': 'TargetPoint', 'location': [-321.154775, -2188.42277, 207.443419], 'rotation': [0, 0, 0], 'scale': [1, 1, 1]}, {'name': 'TargetPoint_39', 'class': 'TargetPoint', 'location': [303.47192, -2188.42277, 207.443419], 'rotation': [0, 0, 0], 'scale': [1, 1, 1]}, {'name': 'TargetPoint_40', 'class': 'TargetPoint', 'location': [927.787434, -2188.42277, 207.443421], 'rotation': [0, 0, 0], 'scale': [1, 1, 1]}, {'name': 'TargetPoint_41', 'class': 'TargetPoint', 'location': [1560.959368, -2188.42277, 207.443417], 'rotation': [0, 0, 0], 'scale': [1, 1, 1]}, {'name': 'TargetPoint_42', 'class': 'TargetPoint', 'location': [2188.851588, -2188.42277, 207.443419], 'rotation': [0, 0, 0], 'scale': [1, 1, 1]}, {'name': 'TargetPoint_43', 'class': 'TargetPoint', 'location': [-2189.066306, -1527.926532, 207.443439], 'rotation': [0, 0, 0], 'scale': [1, 1, 1]}, {'name': 'TargetPoint_44', 'class': 'TargetPoint', 'location': [-1565.786855, -1527.926532, 207.443442], 'rotation': [0, 0, 0], 'scale': [1, 1, 1]}, {'name': 'TargetPoint_45', 'class': 'TargetPoint', 'location': [-940.363918, -1527.926532, 207.443429], 'rotation': [0, 0, 0], 'scale': [1, 1, 1]}, {'name': 'TargetPoint_46', 'class': 'TargetPoint', 'location': [-321.154777, -1527.926532, 207.443428], 'rotation': [0, 0, 0], 'scale': [1, 1, 1]}, {'name': 'TargetPoint_47', 'class': 'TargetPoint', 'location': [303.471918, -1527.926532, 207.443428], 'rotation': [0, 0, 0], 'scale': [1, 1, 1]}, {'name': 'TargetPoint_48', 'class': 'TargetPoint', 'location': [927.787432, -1527.926532, 207.44343], 'rotation': [0, 0, 0], 'scale': [1, 1, 1]}, {'name': 'TargetPoint_49', 'class': 'TargetPoint', 'location': [1560.959366, -1527.926532, 207.443426], 'rotation': [0, 0, 0], 'scale': [1, 1, 1]}, {'name': 'TargetPoint_50', 'class': 'TargetPoint', 'location': [2188.851586, -1527.926532, 207.443428], 'rotation': [0, 0, 0], 'scale': [1, 1, 1]}, {'name': 'BlockingVolume_1', 'class': 'BlockingVolume', 'location': [1.0032739297116677e-06, -6326.550795919664, -99.96471982893337], 'rotation': [0, 0, 0], 'scale': [15.487353324890137, 10.788186073303223, 1]}, {'name': 'BlockingVolume_2', 'class': 'BlockingVolume', 'location': [1.3055977845510824e-06, -3196.7278653216795, -99.96468802718977], 'rotation': [0, 0, 0], 'scale': [25.495044708251953, 20.515119552612305, 1]}, {'name': 'BlockingVolume_3', 'class': 'BlockingVolume', 'location': [3324.1292310852186, -1659.7856674600114, -99.96459817623037], 'rotation': [0, 0, 0], 'scale': [7.748734951019287, 5.376236915588379, 1]}, {'name': 'BlockingVolume_4', 'class': 'BlockingVolume', 'location': [-3324.2272947621486, -1659.785667, -99.96459402649026], 'rotation': [0, 0, 0], 'scale': [7.748735, 5.376237, 1]}, {'name': 'BlockingVolume_5', 'class': 'BlockingVolume', 'location': [-2556.7988512983493, -6703.52382487966, -99.964557995359], 'rotation': [0, 0, 0], 'scale': [9.617569923400879, 6.062704086303711, 1]}, {'name': 'BlockingVolume_6', 'class': 'BlockingVolume', 'location': [2573.0574325771804, -6801.073531871301, -99.96455111259817], 'rotation': [0, 0, 0], 'scale': [10.255724, 5.050724506378174, 1]}, {'name': 'BlockingVolume_7', 'class': 'BlockingVolume', 'location': [4069.9569320826117, -7128.405380742213, -99.96455055573276], 'rotation': [0, 0, 0], 'scale': [4.711850643157959, 3.308187246322632, 1]}, {'name': 'BlockingVolume_8', 'class': 'BlockingVolume', 'location': [1799.9521648111674, -5802.386580717825, -99.96454350213513], 'rotation': [0, -89.99999930282696, 0], 'scale': [4.932080268859863, 2.3699491024017334, 1]}, {'name': 'BlockingVolume_9', 'class': 'BlockingVolume', 'location': [-1796.9644534096753, -5700.409530460299, -99.96452977030974], 'rotation': [0, -89.999999, 0], 'scale': [3.976621150970459, 2.369949, 1]}, {'name': 'BlockingVolume_10', 'class': 'BlockingVolume', 'location': [-3869.8859825815944, -7073.644969937549, -99.96454313424856], 'rotation': [0, -89.999999, 0], 'scale': [2.7737927436828613, 3.5022082328796387, 1]}, {'name': 'BlockingVolume_11', 'class': 'BlockingVolume', 'location': [-3822.005826134896, -6554.343320309231, -169.01023252373543], 'rotation': [14.999999883804486, -89.9999989647237, 2.67949227985073e-07], 'scale': [2.773793, 3.0418896675109863, 1]}, {'name': 'BlockingVolume_13', 'class': 'BlockingVolume', 'location': [-3.746190270703664e-05, -4047.2261524921223, -239.5661357731794], 'rotation': [0, 0, 0], 'scale': [53.575950622558594, 36.36101531982422, 1]}, {'name': 'BlockingVolume_14', 'class': 'BlockingVolume', 'location': [-2302.7488450814117, -5700.409504161068, -168.83898850479562], 'rotation': [2.3748072391520693e-07, -89.99999902860067, -13.737898429796248], 'scale': [3.976621, 3.0118393898010254, 1]}, {'name': 'BlockingVolume_15', 'class': 'BlockingVolume', 'location': [-3096.408597096479, -2519.61098807095, -191.00238611146042], 'rotation': [0, 0, -15.295731533808858], 'scale': [5.069080352783203, 3.614467144012451, 1]}, {'name': 'BlockingVolume_16', 'class': 'BlockingVolume', 'location': [4069.956932, -6505.731721694624, -185.67251184767807], 'rotation': [0, 0, 15.661351185716727], 'scale': [4.711851, 3.308187, 1]}, {'name': 'BlockingVolume_17', 'class': 'BlockingVolume', 'location': [2312.481886617948, -5802.386581, -168.3048508734789], 'rotation': [-2.308782987123492e-07, -89.99999902700964, 13.348794654692002], 'scale': [4.93208, 3.073652982711792, 1]}, {'name': 'BlockingVolume_18', 'class': 'BlockingVolume', 'location': [3102.0617200812612, -2476.1850608021837, -184.1578741506794], 'rotation': [0, 0, -16.000897491752536], 'scale': [4.988472938537598, 3.1845510005950928, 1]}, {'name': 'RecastNavMesh-Default', 'class': 'RecastNavMesh', 'location': [0, 0, 0], 'rotation': [0, 0, 0], 'scale': [1, 1, 1]}, {'name': 'BlockingVolume_19', 'class': 'BlockingVolume', 'location': [0.5440177505720936, -5253.017943613726, 742.3141306965085], 'rotation': [0, 0, 0], 'scale': [4.029939651489258, 1.3556849956512451, 0.6301780939102173]}, {'name': 'BlockingVolume_20', 'class': 'BlockingVolume', 'location': [0.5440155595780213, -5253.017943999999, 1062.4215504177946], 'rotation': [0, 0, 0], 'scale': [14.98978042602539, 0.7764946818351746, 4.12509822845459]}, {'name': 'BlockingVolume_21', 'class': 'BlockingVolume', 'location': [-993.5756155167193, -5246.2171186232845, 523.6942775651842], 'rotation': [0, 0, 0], 'scale': [5.039458274841309, 0.8965249061584473, 5.760396957397461]}, {'name': 'BlockingVolume_22', 'class': 'BlockingVolume', 'location': [993.5677635964196, -5246.217119, 523.6942718515122], 'rotation': [0, 0, 0], 'scale': [5.039458, 0.896525, 5.760397]}, {'name': 'BlockingVolume_23', 'class': 'BlockingVolume', 'location': [2050.7522012651243, -5233.929151416191, 523.6942699190416], 'rotation': [0, 0, 0], 'scale': [5.575113773345947, 0.7698781490325928, 8.489500045776367]}, {'name': 'BlockingVolume_24', 'class': 'BlockingVolume', 'location': [-2050.3150650687203, -5217.854904775641, 523.6942463521686], 'rotation': [0, 0, 0], 'scale': [5.575114, 0.769878, 9.328271865844727]}, {'name': 'BlockingVolume_25', 'class': 'BlockingVolume', 'location': [-2556.0574213500954, -3748.5088345809345, 523.6942591545719], 'rotation': [0, -89.9999993028274, 0], 'scale': [15.387985229492188, 0.769878, 6.780275]}, {'name': 'BlockingVolume_26', 'class': 'BlockingVolume', 'location': [2532.7947675639894, -3736.304162137646, 523.6942975242335], 'rotation': [0, -89.999999, 0], 'scale': [15.304652214050293, 0.769878, 6.780275]}, {'name': 'BlockingVolume_27', 'class': 'BlockingVolume', 'location': [2532.794767999999, -1537.9802014252607, 785.7469225552886], 'rotation': [0, -89.999999, 0], 'scale': [6.67014217376709, 0.769878, 1.8217508792877197]}, {'name': 'BlockingVolume_28', 'class': 'BlockingVolume', 'location': [-2522.3386816065386, -1537.9802010710657, 784.3904818728381], 'rotation': [0, -89.999999, 0], 'scale': [6.690608978271484, 0.769878, 1.821751]}, {'name': 'BlockingVolume_29', 'class': 'BlockingVolume', 'location': [-2522.3386820000014, -1132.519054675034, 410.7195471071565], 'rotation': [0, -89.999999, 0], 'scale': [2.7204103469848633, 0.769878, 6.171109676361084]}, {'name': 'BlockingVolume_30', 'class': 'BlockingVolume', 'location': [2532.395315270375, -1130.2835865066827, 410.71953896083573], 'rotation': [0, -89.999999, 0], 'scale': [2.72041, 0.769878, 6.17111]}, {'name': 'BlockingVolume_31', 'class': 'BlockingVolume', 'location': [1340.902205621542, -5900.274713961803, -47.84336888885451], 'rotation': [0, 0, 0], 'scale': [1.5518075227737427, 5.96089506149292, 1]}, {'name': 'BlockingVolume_32', 'class': 'BlockingVolume', 'location': [-1347.4117067213379, -5900.274714, -47.84335606223161], 'rotation': [0, 0, 0], 'scale': [1.551808, 5.960895, 1]}, {'name': 'BlockingVolume_34', 'class': 'BlockingVolume', 'location': [-2.946397964720404e-06, -7288.862554682108, 781.4973870332826], 'rotation': [0, 0, 0], 'scale': [5.759631633758545, 1, 0.9999086856842041]}, {'name': 'BlockingVolume_35', 'class': 'BlockingVolume', 'location': [-4.67787556026866e-06, -7320.025271893825, 907.7111604966135], 'rotation': [0, 0, 0], 'scale': [10.98107624053955, 0.23834747076034546, 4.4784674644470215]}, {'name': 'BlockingVolume_36', 'class': 'BlockingVolume', 'location': [-2765.5557811682384, -7320.025272000062, 479.03294239743053], 'rotation': [0, 0, 0], 'scale': [22.920377731323242, 0.238347, 5.309179306030273]}, {'name': 'BlockingVolume_37', 'class': 'BlockingVolume', 'location': [2529.2887488663478, -7320.025272000001, 479.0328642204746], 'rotation': [0, 0, 0], 'scale': [19.83062744140625, 0.238347, 5.309179]}, {'name': 'BlockingVolume_38', 'class': 'BlockingVolume', 'location': [488.3449543205592, -7247.852256351456, 355.5826087151882], 'rotation': [0, 0, 0], 'scale': [0.8498108386993408, 0.5856516361236572, 3.578880786895752]}, {'name': 'BlockingVolume_39', 'class': 'BlockingVolume', 'location': [-491.73223098947955, -7247.852256, 355.5826007000389], 'rotation': [0, 0, 0], 'scale': [0.849811, 0.585652, 3.578881]}, {'name': 'BlockingVolume_40', 'class': 'BlockingVolume', 'location': [-1549.7043364058736, -7253.839877730813, 491.07397932059155], 'rotation': [0, 0, 0], 'scale': [0.5412611961364746, 0.585652, 5.211854934692383]}, {'name': 'BlockingVolume_41', 'class': 'BlockingVolume', 'location': [1550.1265529317795, -7253.839878, 491.0739883434846], 'rotation': [0, 0, 0], 'scale': [0.541261, 0.585652, 5.211855]}, {'name': 'BlockingVolume_42', 'class': 'BlockingVolume', 'location': [488.3449539999926, -5254.937901365906, 355.58260090062294], 'rotation': [0, 0, 0], 'scale': [0.849811, 1.3684930801391602, 3.578881]}, {'name': 'BlockingVolume_43', 'class': 'BlockingVolume', 'location': [-489.5248616955204, -5254.937901, 355.5826214367384], 'rotation': [0, 0, 0], 'scale': [0.849811, 1.368493, 3.578881]}, {'name': 'BlockingVolume_44', 'class': 'BlockingVolume', 'location': [1550.1265530000007, -6943.838150923743, 825.1860712473492], 'rotation': [0, 0, 0], 'scale': [0.541261, 2.5166409015655518, 2.041386365890503]}, {'name': 'BlockingVolume_45', 'class': 'BlockingVolume', 'location': [-1550.4383854598939, -6943.838151, 825.1860632103078], 'rotation': [0, 0, 0], 'scale': [0.541261, 2.516641, 2.041386]}, {'name': 'BlockingVolume_46', 'class': 'BlockingVolume', 'location': [-1550.4383850000115, -5974.269337786052, 505.5098229062685], 'rotation': [0, 0, 0], 'scale': [0.541261, 7.1660990715026855, 5.249728679656982]}, {'name': 'BlockingVolume_47', 'class': 'BlockingVolume', 'location': [1549.9647192830264, -5974.269338, 505.50979601753136], 'rotation': [0, 0, 0], 'scale': [0.541261, 7.166099, 5.249729]}, {'name': 'BlockingVolume_56', 'class': 'BlockingVolume', 'location': [4591.842571692353, -5792.857549210091, 344.6615455875325], 'rotation': [0, 0, 0], 'scale': [0.932150661945343, 15.559154510498047, 6.72456169128418]}, {'name': 'BlockingVolume_58', 'class': 'BlockingVolume', 'location': [3549.9002674575618, -4760.024802318334, 856.9863206015152], 'rotation': [0, 0, 0], 'scale': [9.564591407775879, 1.06063711643219, 1]}, {'name': 'BlockingVolume_59', 'class': 'BlockingVolume', 'location': [2792.3203028418097, -4374.037524595161, -105.57547146152089], 'rotation': [0, 0, 0], 'scale': [1.899857, 0.67985, 1]}, {'name': 'BlockingVolume_60', 'class': 'BlockingVolume', 'location': [3895.1536938229906, -4374.037525, -106.80488075829433], 'rotation': [0, 0, 0], 'scale': [1.899857, 0.67985, 1]}, {'name': 'BlockingVolume_62', 'class': 'BlockingVolume', 'location': [2649.766413269056, -3332.5718875763805, -88.14960403486711], 'rotation': [0, 0, -89.9999993028277], 'scale': [1.3905547857284546, 4.3365478515625, 1.3818790912628174]}, {'name': 'BlockingVolume_63', 'class': 'BlockingVolume', 'location': [2650.2282832130245, -2877.2641836760745, 368.3517198432116], 'rotation': [0, 0, 0], 'scale': [0.5639228820800781, 0.5592660307884216, 5.12996244430542]}, {'name': 'BlockingVolume_64', 'class': 'BlockingVolume', 'location': [3618.9291500429263, -4217.741841982012, 722.382396991966], 'rotation': [0, 0, 0], 'scale': [10.30325984954834, 0.25980499386787415, 3.447758913040161]}, {'name': 'BlockingVolume_65', 'class': 'BlockingVolume', 'location': [5069.208272854866, -2649.3061396045578, 507.20027969389247], 'rotation': [0, 0, 0], 'scale': [1.390555, 16.284812927246094, 6.6332783699035645]}, {'name': 'BlockingVolume_66', 'class': 'BlockingVolume', 'location': [4025.194299230071, -1660.139717630648, 371.71869553325297], 'rotation': [0, 0, 0], 'scale': [0.22919036448001862, 4.930878639221191, 11.017218589782715]}, {'name': 'BlockingVolume_68', 'class': 'BlockingVolume', 'location': [3327.728814158408, -1257.6997940972246, -235.94614432223085], 'rotation': [0, 0, 0], 'scale': [7.190478324890137, 1, 3.3300797939300537]}, {'name': 'BlockingVolume_70', 'class': 'BlockingVolume', 'location': [7.7970012495715935, -1100.5993359333308, 534.0064594686241], 'rotation': [0, 0, 0], 'scale': [50.7541389465332, 1, 7.680005073547363]}, {'name': 'BlockingVolume_97', 'class': 'BlockingVolume', 'location': [3.253706343504664, -1230.54713848046, 524.2172156713838], 'rotation': [0, 0, 0], 'scale': [4.369872570037842, 0.730614, 9.399446487426758]}, {'name': 'BlockingVolume_106', 'class': 'BlockingVolume', 'location': [-4802.615577422672, -2668.212281258584, 423.6328630149484], 'rotation': [0, 0, 0], 'scale': [1.120373, 15.322468757629395, 5.92881441116333]}, {'name': 'BlockingVolume_107', 'class': 'BlockingVolume', 'location': [-4313.331158803926, -5754.5209002428865, 420.5732459994155], 'rotation': [0, 0, 0], 'scale': [1.869783639907837, 15.50111198425293, 5.928814]}, {'name': 'BlockingVolume_112', 'class': 'BlockingVolume', 'location': [-3575.2455380059746, -4134.283589543198, 800.2824873398692], 'rotation': [0, 0, 0], 'scale': [9.799880981445312, 1.2764537334442139, 4.351181507110596]}, {'name': 'BlockingVolume_115', 'class': 'BlockingVolume', 'location': [-2639.115013493719, -2459.355561681591, 446.09025091391567], 'rotation': [0, 0, 0], 'scale': [0.3158204257488251, 1.6032460927963257, 2.2530598640441895]}, {'name': 'PostProcessVolume_1', 'class': 'PostProcessVolume', 'location': [170.74654971432045, -4592.133706484481, 1422.4434776161288], 'rotation': [0, 0, 0], 'scale': [1, 1, 1]}, {'name': 'BlockingVolume_57', 'class': 'BlockingVolume', 'location': [0.044837765195097745, -7392.731113856595, 389.0193571367992], 'rotation': [0, 0, 0], 'scale': [4.556419849395752, 1, 4.112443923950195]}, {'name': 'BP_Phase3SpawnPoint_C_2', 'class': 'BP_Phase3SpawnPoint_C', 'location': [-2284.6486904452404, -1629.7295621015626, 287.6643746873368], 'rotation': [0, -89.99999930282748, 0], 'scale': [1, 1, 1]}, {'name': 'BP_Phase3SpawnPoint_C_6', 'class': 'BP_Phase3SpawnPoint_C', 'location': [258.4382657985651, -5814.022046698772, 265.0725370773307], 'rotation': [0, 179.99999860565626, 0], 'scale': [1, 1, 1]}, {'name': 'BP_Phase3SpawnPoint_C_9', 'class': 'BP_Phase3SpawnPoint_C', 'location': [-271.3103189615282, -5820.486700994996, 266.4568813279344], 'rotation': [0, 0, 0], 'scale': [1, 1, 1]}, {'name': 'BP_Phase3SpawnPoint_C_11', 'class': 'BP_Phase3SpawnPoint_C', 'location': [2320.3037496660286, -1651.1061185957049, 314.50002304527817], 'rotation': [0, 90.00000209151897, 0], 'scale': [1, 1, 1]}, {'name': 'BlockingVolume_0', 'class': 'BlockingVolume', 'location': [604.6938731142037, -1183.865225782058, 524.2172367592], 'rotation': [0, 14.999999883804524, 0], 'scale': [1.9003793001174927, 0.730614, 9.399446]}, {'name': 'BlockingVolume_74', 'class': 'BlockingVolume', 'location': [-599.2430984089984, -1183.8652277503252, 524.2172369999934], 'rotation': [0, -14.99999976760904, 0], 'scale': [1.900379, 0.730614, 9.399446]}, {'name': 'BlockingVolume_75', 'class': 'BlockingVolume', 'location': [3844.288672628098, -2126.978845824513, 371.7186863185056], 'rotation': [0, -89.99999930282748, 0], 'scale': [0.22919, 1.9977947473526, 11.017219]}, {'name': 'BlockingVolume_85', 'class': 'BlockingVolume', 'location': [3973.3483575474997, -2077.6460765954253, 371.718677003709], 'rotation': [0, -89.999999, 0], 'scale': [0.7969434261322021, 0.755683422088623, 11.017219]}, {'name': 'BlockingVolume_108', 'class': 'BlockingVolume', 'location': [3278.5115075589265, -1257.699794000017, 610.1089764425393], 'rotation': [0, 0, 0], 'scale': [5.370030403137207, 1, 1.769500970840454]}, {'name': 'BlockingVolume_117', 'class': 'BlockingVolume', 'location': [2608.717861376687, -3691.646326164746, 162.41723109395812], 'rotation': [0, 0, -89.999999], 'scale': [0.9840746521949768, 4.336548, 1.381879]}, {'name': 'BlockingVolume_118', 'class': 'BlockingVolume', 'location': [4586.623290487141, -4134.162550532099, 104.96852036609707], 'rotation': [0, 0, 0], 'scale': [4.898008346557617, 0.67985, 5.510871410369873]}, {'name': 'BlockingVolume_119', 'class': 'BlockingVolume', 'location': [4401.361672955477, -4758.317920274272, 51.31425923492952], 'rotation': [0, -89.99999930282748, 0], 'scale': [5.776109218597412, 0.67985, 2.5221099853515625]}, {'name': 'BlockingVolume_120', 'class': 'BlockingVolume', 'location': [4071.267919109288, -7210.128703782949, 688.934795904989], 'rotation': [0, -179.99999830282718, 0], 'scale': [2.7503762245178223, 0.67985, 2.52211]}, {'name': 'BlockingVolume_121', 'class': 'BlockingVolume', 'location': [1660.0057149434097, -5846.1361174702, 180.63272850252258], 'rotation': [0, 90.00000269717344, 0], 'scale': [5.776109, 0.67985, 2.52211]}, {'name': 'BlockingVolume_122', 'class': 'BlockingVolume', 'location': [2418.0360506344723, -6309.323813527216, 862.5205744792148], 'rotation': [-4.9670688895275816e-08, -179.99999800061715, 1.4231170640203965], 'scale': [1.028274655342102, 10.17053508758545, 0.975040078163147]}, {'name': 'BlockingVolume_123', 'class': 'BlockingVolume', 'location': [4508.002417819394, -1374.3185819873656, 371.7186837733278], 'rotation': [0, -89.999999, 0], 'scale': [0.22919, 5.684290409088135, 11.017219]}, {'name': 'BlockingVolume_124', 'class': 'BlockingVolume', 'location': [2876.700426812189, -2618.5235617479084, 959.3767604595605], 'rotation': [0, -89.99999930282753, 0], 'scale': [15.712876319885254, 1.9205152988433838, 1.6807868480682373]}, {'name': 'BlockingVolume_12', 'class': 'BlockingVolume', 'location': [3362.320303, -4614.037525, -105.575471], 'rotation': [0, 0, 0], 'scale': [1.899857, 0.67985, 1]}, {'name': 'StaticMeshActor_296', 'class': 'StaticMeshActor', 'location': [0, 0, 0], 'rotation': [0, 0, 0], 'scale': [1, 1, 1]}, {'name': 'StaticMeshActor_297', 'class': 'StaticMeshActor', 'location': [0, 0, 0], 'rotation': [0, 0, 0], 'scale': [1, 1, 1]}, {'name': 'StaticMeshActor_298', 'class': 'StaticMeshActor', 'location': [0, 0, 0], 'rotation': [0, 0, 0], 'scale': [1, 1, 1]}, {'name': 'StaticMeshActor_299', 'class': 'StaticMeshActor', 'location': [0, 0, 0], 'rotation': [0, 0, 0], 'scale': [1, 1, 1]}, {'name': 'StaticMeshActor_300', 'class': 'StaticMeshActor', 'location': [0, 0, 0], 'rotation': [0, 0, 0], 'scale': [1, 1, 1]}, {'name': 'StaticMeshActor_301', 'class': 'StaticMeshActor', 'location': [0, 0, 0], 'rotation': [0, 0, 0], 'scale': [1, 1, 1]}, {'name': 'StaticMeshActor_302', 'class': 'StaticMeshActor', 'location': [0, 0, 0], 'rotation': [0, 0, 0], 'scale': [1, 1, 1]}, {'name': 'StaticMeshActor_303', 'class': 'StaticMeshActor', 'location': [0, 0, 0], 'rotation': [0, 0, 0], 'scale': [1, 1, 1]}, {'name': 'StaticMeshActor_304', 'class': 'StaticMeshActor', 'location': [0, 0, 0], 'rotation': [0, 0, 0], 'scale': [1, 1, 1]}, {'name': 'StaticMeshActor_305', 'class': 'StaticMeshActor', 'location': [0, 0, 0], 'rotation': [0, 0, 0], 'scale': [1, 1, 1]}, {'name': 'StaticMeshActor_306', 'class': 'StaticMeshActor', 'location': [0, 0, 0], 'rotation': [0, 0, 0], 'scale': [1, 1, 1]}, {'name': 'StaticMeshActor_307', 'class': 'StaticMeshActor', 'location': [0, 0, 0], 'rotation': [0, 0, 0], 'scale': [1, 1, 1]}, {'name': 'StaticMeshActor_308', 'class': 'StaticMeshActor', 'location': [0, 0, 0], 'rotation': [0, 0, 0], 'scale': [1, 1, 1]}, {'name': 'StaticMeshActor_309', 'class': 'StaticMeshActor', 'location': [0, 0, 0], 'rotation': [0, 0, 0], 'scale': [1, 1, 1]}, {'name': 'StaticMeshActor_310', 'class': 'StaticMeshActor', 'location': [0, 0, 0], 'rotation': [0, 0, 0], 'scale': [1, 1, 1]}, {'name': 'StaticMeshActor_311', 'class': 'StaticMeshActor', 'location': [0, 0, 0], 'rotation': [0, 0, 0], 'scale': [1, 1, 1]}, {'name': 'StaticMeshActor_312', 'class': 'StaticMeshActor', 'location': [0, 0, 0], 'rotation': [0, 0, 0], 'scale': [1, 1, 1]}, {'name': 'StaticMeshActor_313', 'class': 'StaticMeshActor', 'location': [0, 0, 0], 'rotation': [0, 0, 0], 'scale': [1, 1, 1]}, {'name': 'StaticMeshActor_314', 'class': 'StaticMeshActor', 'location': [0, 0, 0], 'rotation': [0, 0, 0], 'scale': [1, 1, 1]}, {'name': 'StaticMeshActor_315', 'class': 'StaticMeshActor', 'location': [0, 0, 0], 'rotation': [0, 0, 0], 'scale': [1, 1, 1]}, {'name': 'StaticMeshActor_316', 'class': 'StaticMeshActor', 'location': [0, 0, 0], 'rotation': [0, 0, 0], 'scale': [1, 1, 1]}, {'name': 'StaticMeshActor_317', 'class': 'StaticMeshActor', 'location': [0, 0, 0], 'rotation': [0, 0, 0], 'scale': [1, 1, 1]}, {'name': 'StaticMeshActor_318', 'class': 'StaticMeshActor', 'location': [0, 0, 0], 'rotation': [0, 0, 0], 'scale': [1, 1, 1]}, {'name': 'StaticMeshActor_319', 'class': 'StaticMeshActor', 'location': [0, 0, 0], 'rotation': [0, 0, 0], 'scale': [1, 1, 1]}, {'name': 'StaticMeshActor_320', 'class': 'StaticMeshActor', 'location': [0, 0, 0], 'rotation': [0, 0, 0], 'scale': [1, 1, 1]}, {'name': 'StaticMeshActor_321', 'class': 'StaticMeshActor', 'location': [0, 0, 0], 'rotation': [0, 0, 0], 'scale': [1, 1, 1]}, {'name': 'StaticMeshActor_322', 'class': 'StaticMeshActor', 'location': [0, 0, 0], 'rotation': [0, 0, 0], 'scale': [1, 1, 1]}, {'name': 'StaticMeshActor_323', 'class': 'StaticMeshActor', 'location': [0, 0, 0], 'rotation': [0, 0, 0], 'scale': [1, 1, 1]}, {'name': 'StaticMeshActor_324', 'class': 'StaticMeshActor', 'location': [0, 0, 0], 'rotation': [0, 0, 0], 'scale': [1, 1, 1]}, {'name': 'StaticMeshActor_325', 'class': 'StaticMeshActor', 'location': [0, 0, 0], 'rotation': [0, 0, 0], 'scale': [1, 1, 1]}, {'name': 'StaticMeshActor_326', 'class': 'StaticMeshActor', 'location': [0, 0, 0], 'rotation': [0, 0, 0], 'scale': [1, 1, 1]}, {'name': 'StaticMeshActor_327', 'class': 'StaticMeshActor', 'location': [0, 0, 0], 'rotation': [0, 0, 0], 'scale': [1, 1, 1]}, {'name': 'StaticMeshActor_328', 'class': 'StaticMeshActor', 'location': [0, 0, 0], 'rotation': [0, 0, 0], 'scale': [1, 1, 1]}, {'name': 'StaticMeshActor_329', 'class': 'StaticMeshActor', 'location': [0, 0, 0], 'rotation': [0, 0, 0], 'scale': [1, 1, 1]}, {'name': 'StaticMeshActor_330', 'class': 'StaticMeshActor', 'location': [0, 0, 0], 'rotation': [0, 0, 0], 'scale': [1, 1, 1]}, {'name': 'StaticMeshActor_331', 'class': 'StaticMeshActor', 'location': [0, 0, 0], 'rotation': [0, 0, 0], 'scale': [1, 1, 1]}, {'name': 'StaticMeshActor_332', 'class': 'StaticMeshActor', 'location': [0, 0, 0], 'rotation': [0, 0, 0], 'scale': [1, 1, 1]}, {'name': 'StaticMeshActor_333', 'class': 'StaticMeshActor', 'location': [0, 0, 0], 'rotation': [0, 0, 0], 'scale': [1, 1, 1]}, {'name': 'StaticMeshActor_334', 'class': 'StaticMeshActor', 'location': [0, 0, 0], 'rotation': [0, 0, 0], 'scale': [1, 1, 1]}, {'name': 'StaticMeshActor_335', 'class': 'StaticMeshActor', 'location': [0, 0, 0], 'rotation': [0, 0, 0], 'scale': [1, 1, 1]}, {'name': 'StaticMeshActor_336', 'class': 'StaticMeshActor', 'location': [0, 0, 0], 'rotation': [0, 0, 0], 'scale': [1, 1, 1]}, {'name': 'StaticMeshActor_337', 'class': 'StaticMeshActor', 'location': [0, 0, 0], 'rotation': [0, 0, 0], 'scale': [1, 1, 1]}, {'name': 'StaticMeshActor_338', 'class': 'StaticMeshActor', 'location': [0, 0, 0], 'rotation': [0, 0, 0], 'scale': [1, 1, 1]}, {'name': 'StaticMeshActor_339', 'class': 'StaticMeshActor', 'location': [0, 0, 0], 'rotation': [0, 0, 0], 'scale': [1, 1, 1]}, {'name': 'StaticMeshActor_340', 'class': 'StaticMeshActor', 'location': [0, 0, 0], 'rotation': [0, 0, 0], 'scale': [1, 1, 1]}, {'name': 'StaticMeshActor_341', 'class': 'StaticMeshActor', 'location': [0, 0, 0], 'rotation': [0, 0, 0], 'scale': [1, 1, 1]}, {'name': 'StaticMeshActor_342', 'class': 'StaticMeshActor', 'location': [0, 0, 0], 'rotation': [0, 0, 0], 'scale': [1, 1, 1]}, {'name': 'StaticMeshActor_343', 'class': 'StaticMeshActor', 'location': [0, 0, 0], 'rotation': [0, 0, 0], 'scale': [1, 1, 1]}, {'name': 'StaticMeshActor_344', 'class': 'StaticMeshActor', 'location': [0, 0, 0], 'rotation': [0, 0, 0], 'scale': [1, 1, 1]}, {'name': 'StaticMeshActor_345', 'class': 'StaticMeshActor', 'location': [0, 0, 0], 'rotation': [0, 0, 0], 'scale': [1, 1, 1]}, {'name': 'StaticMeshActor_346', 'class': 'StaticMeshActor', 'location': [0, 0, 0], 'rotation': [0, 0, 0], 'scale': [1, 1, 1]}, {'name': 'StaticMeshActor_347', 'class': 'StaticMeshActor', 'location': [0, 0, 0], 'rotation': [0, 0, 0], 'scale': [1, 1, 1]}, {'name': 'StaticMeshActor_348', 'class': 'StaticMeshActor', 'location': [0, 0, 0], 'rotation': [0, 0, 0], 'scale': [1, 1, 1]}, {'name': 'StaticMeshActor_349', 'class': 'StaticMeshActor', 'location': [0, 0, 0], 'rotation': [0, 0, 0], 'scale': [1, 1, 1]}, {'name': 'StaticMeshActor_350', 'class': 'StaticMeshActor', 'location': [0, 0, 0], 'rotation': [0, 0, 0], 'scale': [1, 1, 1]}, {'name': 'StaticMeshActor_351', 'class': 'StaticMeshActor', 'location': [0, 0, 0], 'rotation': [0, 0, 0], 'scale': [1, 1, 1]}, {'name': 'StaticMeshActor_352', 'class': 'StaticMeshActor', 'location': [0, 0, 0], 'rotation': [0, 0, 0], 'scale': [1, 1, 1]}, {'name': 'StaticMeshActor_353', 'class': 'StaticMeshActor', 'location': [0, 0, 0], 'rotation': [0, 0, 0], 'scale': [1, 1, 1]}, {'name': 'StaticMeshActor_354', 'class': 'StaticMeshActor', 'location': [0, 0, 0], 'rotation': [0, 0, 0], 'scale': [1, 1, 1]}, {'name': 'StaticMeshActor_355', 'class': 'StaticMeshActor', 'location': [0, 0, 0], 'rotation': [0, 0, 0], 'scale': [1, 1, 1]}, {'name': 'StaticMeshActor_356', 'class': 'StaticMeshActor', 'location': [0, 0, 0], 'rotation': [0, 0, 0], 'scale': [1, 1, 1]}, {'name': 'StaticMeshActor_357', 'class': 'StaticMeshActor', 'location': [0, 0, 0], 'rotation': [0, 0, 0], 'scale': [1, 1, 1]}, {'name': 'StaticMeshActor_358', 'class': 'StaticMeshActor', 'location': [0, 0, 0], 'rotation': [0, 0, 0], 'scale': [1, 1, 1]}, {'name': 'StaticMeshActor_359', 'class': 'StaticMeshActor', 'location': [0, 0, 0], 'rotation': [0, 0, 0], 'scale': [1, 1, 1]}, {'name': 'StaticMeshActor_360', 'class': 'StaticMeshActor', 'location': [0, 0, 0], 'rotation': [0, 0, 0], 'scale': [1, 1, 1]}, {'name': 'StaticMeshActor_361', 'class': 'StaticMeshActor', 'location': [0, 0, 0], 'rotation': [0, 0, 0], 'scale': [1, 1, 1]}, {'name': 'StaticMeshActor_362', 'class': 'StaticMeshActor', 'location': [0, 0, 0], 'rotation': [0, 0, 0], 'scale': [1, 1, 1]}, {'name': 'StaticMeshActor_363', 'class': 'StaticMeshActor', 'location': [0, 0, 0], 'rotation': [0, 0, 0], 'scale': [1, 1, 1]}, {'name': 'StaticMeshActor_364', 'class': 'StaticMeshActor', 'location': [0, 0, 0], 'rotation': [0, 0, 0], 'scale': [1, 1, 1]}, {'name': 'StaticMeshActor_365', 'class': 'StaticMeshActor', 'location': [0, 0, 0], 'rotation': [0, 0, 0], 'scale': [1, 1, 1]}, {'name': 'StaticMeshActor_366', 'class': 'StaticMeshActor', 'location': [0, 0, 0], 'rotation': [0, 0, 0], 'scale': [1, 1, 1]}, {'name': 'StaticMeshActor_367', 'class': 'StaticMeshActor', 'location': [0, 0, 0], 'rotation': [0, 0, 0], 'scale': [1, 1, 1]}, {'name': 'StaticMeshActor_368', 'class': 'StaticMeshActor', 'location': [0, 0, 0], 'rotation': [0, 0, 0], 'scale': [1, 1, 1]}, {'name': 'StaticMeshActor_369', 'class': 'StaticMeshActor', 'location': [0, 0, 0], 'rotation': [0, 0, 0], 'scale': [1, 1, 1]}, {'name': 'StaticMeshActor_370', 'class': 'StaticMeshActor', 'location': [0, 0, 0], 'rotation': [0, 0, 0], 'scale': [1, 1, 1]}, {'name': 'StaticMeshActor_371', 'class': 'StaticMeshActor', 'location': [0, 0, 0], 'rotation': [0, 0, 0], 'scale': [1, 1, 1]}, {'name': 'StaticMeshActor_372', 'class': 'StaticMeshActor', 'location': [0, 0, 0], 'rotation': [0, 0, 0], 'scale': [1, 1, 1]}, {'name': 'StaticMeshActor_373', 'class': 'StaticMeshActor', 'location': [0, 0, 0], 'rotation': [0, 0, 0], 'scale': [1, 1, 1]}, {'name': 'StaticMeshActor_374', 'class': 'StaticMeshActor', 'location': [0, 0, 0], 'rotation': [0, 0, 0], 'scale': [1, 1, 1]}, {'name': 'StaticMeshActor_375', 'class': 'StaticMeshActor', 'location': [0, 0, 0], 'rotation': [0, 0, 0], 'scale': [1, 1, 1]}, {'name': 'StaticMeshActor_376', 'class': 'StaticMeshActor', 'location': [0, 0, 0], 'rotation': [0, 0, 0], 'scale': [1, 1, 1]}, {'name': 'StaticMeshActor_377', 'class': 'StaticMeshActor', 'location': [0, 0, 0], 'rotation': [0, 0, 0], 'scale': [1, 1, 1]}, {'name': 'StaticMeshActor_378', 'class': 'StaticMeshActor', 'location': [0, 0, 0], 'rotation': [0, 0, 0], 'scale': [1, 1, 1]}, {'name': 'StaticMeshActor_379', 'class': 'StaticMeshActor', 'location': [0, 0, 0], 'rotation': [0, 0, 0], 'scale': [1, 1, 1]}, {'name': 'StaticMeshActor_380', 'class': 'StaticMeshActor', 'location': [0, 0, 0], 'rotation': [0, 0, 0], 'scale': [1, 1, 1]}, {'name': 'StaticMeshActor_381', 'class': 'StaticMeshActor', 'location': [0, 0, 0], 'rotation': [0, 0, 0], 'scale': [1, 1, 1]}, {'name': 'StaticMeshActor_382', 'class': 'StaticMeshActor', 'location': [0, 0, 0], 'rotation': [0, 0, 0], 'scale': [1, 1, 1]}, {'name': 'StaticMeshActor_383', 'class': 'StaticMeshActor', 'location': [0, 0, 0], 'rotation': [0, 0, 0], 'scale': [1, 1, 1]}, {'name': 'StaticMeshActor_384', 'class': 'StaticMeshActor', 'location': [0, 0, 0], 'rotation': [0, 0, 0], 'scale': [1, 1, 1]}, {'name': 'StaticMeshActor_385', 'class': 'StaticMeshActor', 'location': [0, 0, 0], 'rotation': [0, 0, 0], 'scale': [1, 1, 1]}, {'name': 'StaticMeshActor_386', 'class': 'StaticMeshActor', 'location': [0, 0, 0], 'rotation': [0, 0, 0], 'scale': [1, 1, 1]}, {'name': 'StaticMeshActor_387', 'class': 'StaticMeshActor', 'location': [0, 0, 0], 'rotation': [0, 0, 0], 'scale': [1, 1, 1]}, {'name': 'StaticMeshActor_388', 'class': 'StaticMeshActor', 'location': [0, 0, 0], 'rotation': [0, 0, 0], 'scale': [1, 1, 1]}, {'name': 'StaticMeshActor_389', 'class': 'StaticMeshActor', 'location': [0, 0, 0], 'rotation': [0, 0, 0], 'scale': [1, 1, 1]}, {'name': 'StaticMeshActor_390', 'class': 'StaticMeshActor', 'location': [0, 0, 0], 'rotation': [0, 0, 0], 'scale': [1, 1, 1]}, {'name': 'StaticMeshActor_391', 'class': 'StaticMeshActor', 'location': [0, 0, 0], 'rotation': [0, 0, 0], 'scale': [1, 1, 1]}, {'name': 'StaticMeshActor_392', 'class': 'StaticMeshActor', 'location': [0, 0, 0], 'rotation': [0, 0, 0], 'scale': [1, 1, 1]}, {'name': 'StaticMeshActor_393', 'class': 'StaticMeshActor', 'location': [0, 0, 0], 'rotation': [0, 0, 0], 'scale': [1, 1, 1]}, {'name': 'StaticMeshActor_394', 'class': 'StaticMeshActor', 'location': [0, 0, 0], 'rotation': [0, 0, 0], 'scale': [1, 1, 1]}, {'name': 'StaticMeshActor_395', 'class': 'StaticMeshActor', 'location': [0, 0, 0], 'rotation': [0, 0, 0], 'scale': [1, 1, 1]}, {'name': 'StaticMeshActor_396', 'class': 'StaticMeshActor', 'location': [0, 0, 0], 'rotation': [0, 0, 0], 'scale': [1, 1, 1]}, {'name': 'StaticMeshActor_397', 'class': 'StaticMeshActor', 'location': [0, 0, 0], 'rotation': [0, 0, 0], 'scale': [1, 1, 1]}, {'name': 'StaticMeshActor_398', 'class': 'StaticMeshActor', 'location': [0, 0, 0], 'rotation': [0, 0, 0], 'scale': [1, 1, 1]}, {'name': 'StaticMeshActor_399', 'class': 'StaticMeshActor', 'location': [0, 0, 0], 'rotation': [0, 0, 0], 'scale': [1, 1, 1]}, {'name': 'StaticMeshActor_400', 'class': 'StaticMeshActor', 'location': [0, 0, 0], 'rotation': [0, 0, 0], 'scale': [1, 1, 1]}, {'name': 'StaticMeshActor_401', 'class': 'StaticMeshActor', 'location': [0, 0, 0], 'rotation': [0, 0, 0], 'scale': [1, 1, 1]}, {'name': 'StaticMeshActor_402', 'class': 'StaticMeshActor', 'location': [0, 0, 0], 'rotation': [0, 0, 0], 'scale': [1, 1, 1]}, {'name': 'StaticMeshActor_403', 'class': 'StaticMeshActor', 'location': [0, 0, 0], 'rotation': [0, 0, 0], 'scale': [1, 1, 1]}, {'name': 'StaticMeshActor_404', 'class': 'StaticMeshActor', 'location': [0, 0, 0], 'rotation': [0, 0, 0], 'scale': [1, 1, 1]}, {'name': 'StaticMeshActor_405', 'class': 'StaticMeshActor', 'location': [0, 0, 0], 'rotation': [0, 0, 0], 'scale': [1, 1, 1]}, {'name': 'StaticMeshActor_406', 'class': 'StaticMeshActor', 'location': [0, 0, 0], 'rotation': [0, 0, 0], 'scale': [1, 1, 1]}, {'name': 'StaticMeshActor_407', 'class': 'StaticMeshActor', 'location': [0, 0, 0], 'rotation': [0, 0, 0], 'scale': [1, 1, 1]}, {'name': 'StaticMeshActor_408', 'class': 'StaticMeshActor', 'location': [0, 0, 0], 'rotation': [0, 0, 0], 'scale': [1, 1, 1]}, {'name': 'StaticMeshActor_409', 'class': 'StaticMeshActor', 'location': [0, 0, 0], 'rotation': [0, 0, 0], 'scale': [1, 1, 1]}, {'name': 'StaticMeshActor_410', 'class': 'StaticMeshActor', 'location': [0, 0, 0], 'rotation': [0, 0, 0], 'scale': [1, 1, 1]}, {'name': 'StaticMeshActor_411', 'class': 'StaticMeshActor', 'location': [0, 0, 0], 'rotation': [0, 0, 0], 'scale': [1, 1, 1]}, {'name': 'StaticMeshActor_412', 'class': 'StaticMeshActor', 'location': [0, 0, 0], 'rotation': [0, 0, 0], 'scale': [1, 1, 1]}, {'name': 'StaticMeshActor_413', 'class': 'StaticMeshActor', 'location': [0, 0, 0], 'rotation': [0, 0, 0], 'scale': [1, 1, 1]}, {'name': 'StaticMeshActor_414', 'class': 'StaticMeshActor', 'location': [0, 0, 0], 'rotation': [0, 0, 0], 'scale': [1, 1, 1]}, {'name': 'StaticMeshActor_415', 'class': 'StaticMeshActor', 'location': [0, 0, 0], 'rotation': [0, 0, 0], 'scale': [1, 1, 1]}, {'name': 'StaticMeshActor_416', 'class': 'StaticMeshActor', 'location': [0, 0, 0], 'rotation': [0, 0, 0], 'scale': [1, 1, 1]}, {'name': 'StaticMeshActor_417', 'class': 'StaticMeshActor', 'location': [0, 0, 0], 'rotation': [0, 0, 0], 'scale': [1, 1, 1]}, {'name': 'StaticMeshActor_418', 'class': 'StaticMeshActor', 'location': [0, 0, 0], 'rotation': [0, 0, 0], 'scale': [1, 1, 1]}, {'name': 'StaticMeshActor_419', 'class': 'StaticMeshActor', 'location': [0, 0, 0], 'rotation': [0, 0, 0], 'scale': [1, 1, 1]}, {'name': 'StaticMeshActor_420', 'class': 'StaticMeshActor', 'location': [0, 0, 0], 'rotation': [0, 0, 0], 'scale': [1, 1, 1]}, {'name': 'StaticMeshActor_421', 'class': 'StaticMeshActor', 'location': [0, 0, 0], 'rotation': [0, 0, 0], 'scale': [1, 1, 1]}, {'name': 'StaticMeshActor_422', 'class': 'StaticMeshActor', 'location': [0, 0, 0], 'rotation': [0, 0, 0], 'scale': [1, 1, 1]}, {'name': 'StaticMeshActor_423', 'class': 'StaticMeshActor', 'location': [0, 0, 0], 'rotation': [0, 0, 0], 'scale': [1, 1, 1]}, {'name': 'StaticMeshActor_424', 'class': 'StaticMeshActor', 'location': [0, 0, 0], 'rotation': [0, 0, 0], 'scale': [1, 1, 1]}, {'name': 'StaticMeshActor_425', 'class': 'StaticMeshActor', 'location': [0, 0, 0], 'rotation': [0, 0, 0], 'scale': [1, 1, 1]}, {'name': 'StaticMeshActor_426', 'class': 'StaticMeshActor', 'location': [0, 0, 0], 'rotation': [0, 0, 0], 'scale': [1, 1, 1]}, {'name': 'StaticMeshActor_427', 'class': 'StaticMeshActor', 'location': [0, 0, 0], 'rotation': [0, 0, 0], 'scale': [1, 1, 1]}, {'name': 'StaticMeshActor_428', 'class': 'StaticMeshActor', 'location': [0, 0, 0], 'rotation': [0, 0, 0], 'scale': [1, 1, 1]}, {'name': 'StaticMeshActor_429', 'class': 'StaticMeshActor', 'location': [0, 0, 0], 'rotation': [0, 0, 0], 'scale': [1, 1, 1]}, {'name': 'StaticMeshActor_430', 'class': 'StaticMeshActor', 'location': [0, 0, 0], 'rotation': [0, 0, 0], 'scale': [1, 1, 1]}, {'name': 'StaticMeshActor_431', 'class': 'StaticMeshActor', 'location': [0, 0, 0], 'rotation': [0, 0, 0], 'scale': [1, 1, 1]}, {'name': 'StaticMeshActor_432', 'class': 'StaticMeshActor', 'location': [0, 0, 0], 'rotation': [0, 0, 0], 'scale': [1, 1, 1]}, {'name': 'StaticMeshActor_433', 'class': 'StaticMeshActor', 'location': [0, 0, 0], 'rotation': [0, 0, 0], 'scale': [1, 1, 1]}, {'name': 'StaticMeshActor_434', 'class': 'StaticMeshActor', 'location': [0, 0, 0], 'rotation': [0, 0, 0], 'scale': [1, 1, 1]}, {'name': 'StaticMeshActor_435', 'class': 'StaticMeshActor', 'location': [0, 0, 0], 'rotation': [0, 0, 0], 'scale': [1, 1, 1]}, {'name': 'StaticMeshActor_436', 'class': 'StaticMeshActor', 'location': [0, 0, 0], 'rotation': [0, 0, 0], 'scale': [1, 1, 1]}, {'name': 'StaticMeshActor_437', 'class': 'StaticMeshActor', 'location': [0, 0, 0], 'rotation': [0, 0, 0], 'scale': [1, 1, 1]}, {'name': 'StaticMeshActor_438', 'class': 'StaticMeshActor', 'location': [0, 0, 0], 'rotation': [0, 0, 0], 'scale': [1, 1, 1]}, {'name': 'StaticMeshActor_439', 'class': 'StaticMeshActor', 'location': [0, 0, 0], 'rotation': [0, 0, 0], 'scale': [1, 1, 1]}, {'name': 'StaticMeshActor_440', 'class': 'StaticMeshActor', 'location': [0, 0, 0], 'rotation': [0, 0, 0], 'scale': [1, 1, 1]}, {'name': 'StaticMeshActor_441', 'class': 'StaticMeshActor', 'location': [0, 0, 0], 'rotation': [0, 0, 0], 'scale': [1, 1, 1]}, {'name': 'StaticMeshActor_442', 'class': 'StaticMeshActor', 'location': [0, 0, 0], 'rotation': [0, 0, 0], 'scale': [1, 1, 1]}, {'name': 'StaticMeshActor_443', 'class': 'StaticMeshActor', 'location': [0, 0, 0], 'rotation': [0, 0, 0], 'scale': [1, 1, 1]}, {'name': 'StaticMeshActor_444', 'class': 'StaticMeshActor', 'location': [0, 0, 0], 'rotation': [0, 0, 0], 'scale': [1, 1, 1]}, {'name': 'StaticMeshActor_445', 'class': 'StaticMeshActor', 'location': [0, 0, 0], 'rotation': [0, 0, 0], 'scale': [1, 1, 1]}, {'name': 'StaticMeshActor_446', 'class': 'StaticMeshActor', 'location': [0, 0, 0], 'rotation': [0, 0, 0], 'scale': [1, 1, 1]}, {'name': 'StaticMeshActor_447', 'class': 'StaticMeshActor', 'location': [0, 0, 0], 'rotation': [0, 0, 0], 'scale': [1, 1, 1]}, {'name': 'StaticMeshActor_448', 'class': 'StaticMeshActor', 'location': [0, 0, 0], 'rotation': [0, 0, 0], 'scale': [1, 1, 1]}, {'name': 'StaticMeshActor_449', 'class': 'StaticMeshActor', 'location': [0, 0, 0], 'rotation': [0, 0, 0], 'scale': [1, 1, 1]}, {'name': 'StaticMeshActor_450', 'class': 'StaticMeshActor', 'location': [0, 0, 0], 'rotation': [0, 0, 0], 'scale': [1, 1, 1]}, {'name': 'StaticMeshActor_451', 'class': 'StaticMeshActor', 'location': [0, 0, 0], 'rotation': [0, 0, 0], 'scale': [1, 1, 1]}, {'name': 'StaticMeshActor_452', 'class': 'StaticMeshActor', 'location': [0, 0, 0], 'rotation': [0, 0, 0], 'scale': [1, 1, 1]}, {'name': 'StaticMeshActor_453', 'class': 'StaticMeshActor', 'location': [0, 0, 0], 'rotation': [0, 0, 0], 'scale': [1, 1, 1]}, {'name': 'StaticMeshActor_454', 'class': 'StaticMeshActor', 'location': [0, 0, 0], 'rotation': [0, 0, 0], 'scale': [1, 1, 1]}, {'name': 'StaticMeshActor_455', 'class': 'StaticMeshActor', 'location': [0, 0, 0], 'rotation': [0, 0, 0], 'scale': [1, 1, 1]}, {'name': 'StaticMeshActor_456', 'class': 'StaticMeshActor', 'location': [0, 0, 0], 'rotation': [0, 0, 0], 'scale': [1, 1, 1]}, {'name': 'StaticMeshActor_457', 'class': 'StaticMeshActor', 'location': [0, 0, 0], 'rotation': [0, 0, 0], 'scale': [1, 1, 1]}, {'name': 'StaticMeshActor_458', 'class': 'StaticMeshActor', 'location': [0, 0, 0], 'rotation': [0, 0, 0], 'scale': [1, 1, 1]}, {'name': 'StaticMeshActor_459', 'class': 'StaticMeshActor', 'location': [0, 0, 0], 'rotation': [0, 0, 0], 'scale': [1, 1, 1]}, {'name': 'StaticMeshActor_460', 'class': 'StaticMeshActor', 'location': [0, 0, 0], 'rotation': [0, 0, 0], 'scale': [1, 1, 1]}, {'name': 'StaticMeshActor_461', 'class': 'StaticMeshActor', 'location': [0, 0, 0], 'rotation': [0, 0, 0], 'scale': [1, 1, 1]}, {'name': 'StaticMeshActor_462', 'class': 'StaticMeshActor', 'location': [0, 0, 0], 'rotation': [0, 0, 0], 'scale': [1, 1, 1]}, {'name': 'StaticMeshActor_463', 'class': 'StaticMeshActor', 'location': [0, 0, 0], 'rotation': [0, 0, 0], 'scale': [1, 1, 1]}, {'name': 'StaticMeshActor_464', 'class': 'StaticMeshActor', 'location': [0, 0, 0], 'rotation': [0, 0, 0], 'scale': [1, 1, 1]}, {'name': 'StaticMeshActor_465', 'class': 'StaticMeshActor', 'location': [0, 0, 0], 'rotation': [0, 0, 0], 'scale': [1, 1, 1]}, {'name': 'StaticMeshActor_466', 'class': 'StaticMeshActor', 'location': [0, 0, 0], 'rotation': [0, 0, 0], 'scale': [1, 1, 1]}, {'name': 'StaticMeshActor_467', 'class': 'StaticMeshActor', 'location': [0, 0, 0], 'rotation': [0, 0, 0], 'scale': [1, 1, 1]}, {'name': 'StaticMeshActor_468', 'class': 'StaticMeshActor', 'location': [0, 0, 0], 'rotation': [0, 0, 0], 'scale': [1, 1, 1]}, {'name': 'StaticMeshActor_469', 'class': 'StaticMeshActor', 'location': [0, 0, 0], 'rotation': [0, 0, 0], 'scale': [1, 1, 1]}, {'name': 'StaticMeshActor_470', 'class': 'StaticMeshActor', 'location': [0, 0, 0], 'rotation': [0, 0, 0], 'scale': [1, 1, 1]}, {'name': 'StaticMeshActor_471', 'class': 'StaticMeshActor', 'location': [0, 0, 0], 'rotation': [0, 0, 0], 'scale': [1, 1, 1]}, {'name': 'StaticMeshActor_472', 'class': 'StaticMeshActor', 'location': [0, 0, 0], 'rotation': [0, 0, 0], 'scale': [1, 1, 1]}, {'name': 'StaticMeshActor_473', 'class': 'StaticMeshActor', 'location': [0, 0, 0], 'rotation': [0, 0, 0], 'scale': [1, 1, 1]}, {'name': 'StaticMeshActor_474', 'class': 'StaticMeshActor', 'location': [0, 0, 0], 'rotation': [0, 0, 0], 'scale': [1, 1, 1]}, {'name': 'StaticMeshActor_475', 'class': 'StaticMeshActor', 'location': [0, 0, 0], 'rotation': [0, 0, 0], 'scale': [1, 1, 1]}, {'name': 'StaticMeshActor_476', 'class': 'StaticMeshActor', 'location': [0, 0, 0], 'rotation': [0, 0, 0], 'scale': [1, 1, 1]}, {'name': 'StaticMeshActor_477', 'class': 'StaticMeshActor', 'location': [0, 0, 0], 'rotation': [0, 0, 0], 'scale': [1, 1, 1]}, {'name': 'StaticMeshActor_478', 'class': 'StaticMeshActor', 'location': [0, 0, 0], 'rotation': [0, 0, 0], 'scale': [1, 1, 1]}, {'name': 'StaticMeshActor_479', 'class': 'StaticMeshActor', 'location': [0, 0, 0], 'rotation': [0, 0, 0], 'scale': [1, 1, 1]}, {'name': 'StaticMeshActor_480', 'class': 'StaticMeshActor', 'location': [0, 0, 0], 'rotation': [0, 0, 0], 'scale': [1, 1, 1]}, {'name': 'StaticMeshActor_481', 'class': 'StaticMeshActor', 'location': [0, 0, 0], 'rotation': [0, 0, 0], 'scale': [1, 1, 1]}, {'name': 'StaticMeshActor_482', 'class': 'StaticMeshActor', 'location': [0, 0, 0], 'rotation': [0, 0, 0], 'scale': [1, 1, 1]}, {'name': 'StaticMeshActor_483', 'class': 'StaticMeshActor', 'location': [0, 0, 0], 'rotation': [0, 0, 0], 'scale': [1, 1, 1]}, {'name': 'StaticMeshActor_484', 'class': 'StaticMeshActor', 'location': [0, 0, 0], 'rotation': [0, 0, 0], 'scale': [1, 1, 1]}, {'name': 'StaticMeshActor_485', 'class': 'StaticMeshActor', 'location': [0, 0, 0], 'rotation': [0, 0, 0], 'scale': [1, 1, 1]}, {'name': 'StaticMeshActor_486', 'class': 'StaticMeshActor', 'location': [0, 0, 0], 'rotation': [0, 0, 0], 'scale': [1, 1, 1]}, {'name': 'StaticMeshActor_487', 'class': 'StaticMeshActor', 'location': [0, 0, 0], 'rotation': [0, 0, 0], 'scale': [1, 1, 1]}, {'name': 'StaticMeshActor_488', 'class': 'StaticMeshActor', 'location': [0, 0, 0], 'rotation': [0, 0, 0], 'scale': [1, 1, 1]}, {'name': 'StaticMeshActor_489', 'class': 'StaticMeshActor', 'location': [0, 0, 0], 'rotation': [0, 0, 0], 'scale': [1, 1, 1]}, {'name': 'StaticMeshActor_490', 'class': 'StaticMeshActor', 'location': [0, 0, 0], 'rotation': [0, 0, 0], 'scale': [1, 1, 1]}, {'name': 'StaticMeshActor_491', 'class': 'StaticMeshActor', 'location': [0, 0, 0], 'rotation': [0, 0, 0], 'scale': [1, 1, 1]}, {'name': 'StaticMeshActor_492', 'class': 'StaticMeshActor', 'location': [0, 0, 0], 'rotation': [0, 0, 0], 'scale': [1, 1, 1]}, {'name': 'StaticMeshActor_493', 'class': 'StaticMeshActor', 'location': [0, 0, 0], 'rotation': [0, 0, 0], 'scale': [1, 1, 1]}, {'name': 'StaticMeshActor_494', 'class': 'StaticMeshActor', 'location': [0, 0, 0], 'rotation': [0, 0, 0], 'scale': [1, 1, 1]}, {'name': 'StaticMeshActor_495', 'class': 'StaticMeshActor', 'location': [0, 0, 0], 'rotation': [0, 0, 0], 'scale': [1, 1, 1]}, {'name': 'StaticMeshActor_496', 'class': 'StaticMeshActor', 'location': [0, 0, 0], 'rotation': [0, 0, 0], 'scale': [1, 1, 1]}, {'name': 'StaticMeshActor_497', 'class': 'StaticMeshActor', 'location': [0, 0, 0], 'rotation': [0, 0, 0], 'scale': [1, 1, 1]}, {'name': 'StaticMeshActor_498', 'class': 'StaticMeshActor', 'location': [0, 0, 0], 'rotation': [0, 0, 0], 'scale': [1, 1, 1]}, {'name': 'StaticMeshActor_499', 'class': 'StaticMeshActor', 'location': [0, 0, 0], 'rotation': [0, 0, 0], 'scale': [1, 1, 1]}, {'name': 'StaticMeshActor_500', 'class': 'StaticMeshActor', 'location': [0, 0, 0], 'rotation': [0, 0, 0], 'scale': [1, 1, 1]}, {'name': 'StaticMeshActor_501', 'class': 'StaticMeshActor', 'location': [0, 0, 0], 'rotation': [0, 0, 0], 'scale': [1, 1, 1]}, {'name': 'StaticMeshActor_502', 'class': 'StaticMeshActor', 'location': [0, 0, 0], 'rotation': [0, 0, 0], 'scale': [1, 1, 1]}, {'name': 'StaticMeshActor_503', 'class': 'StaticMeshActor', 'location': [0, 0, 0], 'rotation': [0, 0, 0], 'scale': [1, 1, 1]}, {'name': 'StaticMeshActor_504', 'class': 'StaticMeshActor', 'location': [0, 0, 0], 'rotation': [0, 0, 0], 'scale': [1, 1, 1]}, {'name': 'StaticMeshActor_505', 'class': 'StaticMeshActor', 'location': [0, 0, 0], 'rotation': [0, 0, 0], 'scale': [1, 1, 1]}, {'name': 'StaticMeshActor_506', 'class': 'StaticMeshActor', 'location': [0, 0, 0], 'rotation': [0, 0, 0], 'scale': [1, 1, 1]}, {'name': 'StaticMeshActor_507', 'class': 'StaticMeshActor', 'location': [0, 0, 0], 'rotation': [0, 0, 0], 'scale': [1, 1, 1]}, {'name': 'StaticMeshActor_508', 'class': 'StaticMeshActor', 'location': [0, 0, 0], 'rotation': [0, 0, 0], 'scale': [1, 1, 1]}, {'name': 'StaticMeshActor_509', 'class': 'StaticMeshActor', 'location': [0, 0, 0], 'rotation': [0, 0, 0], 'scale': [1, 1, 1]}, {'name': 'StaticMeshActor_510', 'class': 'StaticMeshActor', 'location': [0, 0, 0], 'rotation': [0, 0, 0], 'scale': [1, 1, 1]}, {'name': 'StaticMeshActor_511', 'class': 'StaticMeshActor', 'location': [0, 0, 0], 'rotation': [0, 0, 0], 'scale': [1, 1, 1]}, {'name': 'StaticMeshActor_512', 'class': 'StaticMeshActor', 'location': [0, 0, 0], 'rotation': [0, 0, 0], 'scale': [1, 1, 1]}, {'name': 'StaticMeshActor_513', 'class': 'StaticMeshActor', 'location': [0, 0, 0], 'rotation': [0, 0, 0], 'scale': [1, 1, 1]}, {'name': 'StaticMeshActor_514', 'class': 'StaticMeshActor', 'location': [0, 0, 0], 'rotation': [0, 0, 0], 'scale': [1, 1, 1]}, {'name': 'StaticMeshActor_515', 'class': 'StaticMeshActor', 'location': [0, 0, 0], 'rotation': [0, 0, 0], 'scale': [1, 1, 1]}, {'name': 'StaticMeshActor_516', 'class': 'StaticMeshActor', 'location': [0, 0, 0], 'rotation': [0, 0, 0], 'scale': [1, 1, 1]}, {'name': 'StaticMeshActor_517', 'class': 'StaticMeshActor', 'location': [0, 0, 0], 'rotation': [0, 0, 0], 'scale': [1, 1, 1]}, {'name': 'StaticMeshActor_518', 'class': 'StaticMeshActor', 'location': [0, 0, 0], 'rotation': [0, 0, 0], 'scale': [1, 1, 1]}, {'name': 'StaticMeshActor_519', 'class': 'StaticMeshActor', 'location': [0, 0, 0], 'rotation': [0, 0, 0], 'scale': [1, 1, 1]}, {'name': 'StaticMeshActor_520', 'class': 'StaticMeshActor', 'location': [0, 0, 0], 'rotation': [0, 0, 0], 'scale': [1, 1, 1]}, {'name': 'StaticMeshActor_521', 'class': 'StaticMeshActor', 'location': [0, 0, 0], 'rotation': [0, 0, 0], 'scale': [1, 1, 1]}, {'name': 'StaticMeshActor_522', 'class': 'StaticMeshActor', 'location': [0, 0, 0], 'rotation': [0, 0, 0], 'scale': [1, 1, 1]}, {'name': 'StaticMeshActor_523', 'class': 'StaticMeshActor', 'location': [0, 0, 0], 'rotation': [0, 0, 0], 'scale': [1, 1, 1]}, {'name': 'StaticMeshActor_524', 'class': 'StaticMeshActor', 'location': [0, 0, 0], 'rotation': [0, 0, 0], 'scale': [1, 1, 1]}, {'name': 'StaticMeshActor_525', 'class': 'StaticMeshActor', 'location': [0, 0, 0], 'rotation': [0, 0, 0], 'scale': [1, 1, 1]}, {'name': 'StaticMeshActor_526', 'class': 'StaticMeshActor', 'location': [0, 0, 0], 'rotation': [0, 0, 0], 'scale': [1, 1, 1]}, {'name': 'StaticMeshActor_527', 'class': 'StaticMeshActor', 'location': [0, 0, 0], 'rotation': [0, 0, 0], 'scale': [1, 1, 1]}, {'name': 'StaticMeshActor_528', 'class': 'StaticMeshActor', 'location': [0, 0, 0], 'rotation': [0, 0, 0], 'scale': [1, 1, 1]}, {'name': 'StaticMeshActor_529', 'class': 'StaticMeshActor', 'location': [0, 0, 0], 'rotation': [0, 0, 0], 'scale': [1, 1, 1]}, {'name': 'StaticMeshActor_530', 'class': 'StaticMeshActor', 'location': [0, 0, 0], 'rotation': [0, 0, 0], 'scale': [1, 1, 1]}, {'name': 'StaticMeshActor_531', 'class': 'StaticMeshActor', 'location': [0, 0, 0], 'rotation': [0, 0, 0], 'scale': [1, 1, 1]}, {'name': 'StaticMeshActor_532', 'class': 'StaticMeshActor', 'location': [0, 0, 0], 'rotation': [0, 0, 0], 'scale': [1, 1, 1]}, {'name': 'StaticMeshActor_533', 'class': 'StaticMeshActor', 'location': [0, 0, 0], 'rotation': [0, 0, 0], 'scale': [1, 1, 1]}, {'name': 'StaticMeshActor_534', 'class': 'StaticMeshActor', 'location': [0, 0, 0], 'rotation': [0, 0, 0], 'scale': [1, 1, 1]}, {'name': 'StaticMeshActor_535', 'class': 'StaticMeshActor', 'location': [0, 0, 0], 'rotation': [0, 0, 0], 'scale': [1, 1, 1]}, {'name': 'StaticMeshActor_536', 'class': 'StaticMeshActor', 'location': [0, 0, 0], 'rotation': [0, 0, 0], 'scale': [1, 1, 1]}, {'name': 'StaticMeshActor_537', 'class': 'StaticMeshActor', 'location': [0, 0, 0], 'rotation': [0, 0, 0], 'scale': [1, 1, 1]}, {'name': 'StaticMeshActor_538', 'class': 'StaticMeshActor', 'location': [0, 0, 0], 'rotation': [0, 0, 0], 'scale': [1, 1, 1]}, {'name': 'StaticMeshActor_539', 'class': 'StaticMeshActor', 'location': [0, 0, 0], 'rotation': [0, 0, 0], 'scale': [1, 1, 1]}, {'name': 'StaticMeshActor_540', 'class': 'StaticMeshActor', 'location': [0, 0, 0], 'rotation': [0, 0, 0], 'scale': [1, 1, 1]}, {'name': 'StaticMeshActor_541', 'class': 'StaticMeshActor', 'location': [0, 0, 0], 'rotation': [0, 0, 0], 'scale': [1, 1, 1]}, {'name': 'StaticMeshActor_542', 'class': 'StaticMeshActor', 'location': [0, 0, 0], 'rotation': [0, 0, 0], 'scale': [1, 1, 1]}, {'name': 'StaticMeshActor_543', 'class': 'StaticMeshActor', 'location': [0, 0, 0], 'rotation': [0, 0, 0], 'scale': [1, 1, 1]}, {'name': 'StaticMeshActor_544', 'class': 'StaticMeshActor', 'location': [0, 0, 0], 'rotation': [0, 0, 0], 'scale': [1, 1, 1]}, {'name': 'StaticMeshActor_545', 'class': 'StaticMeshActor', 'location': [0, 0, 0], 'rotation': [0, 0, 0], 'scale': [1, 1, 1]}, {'name': 'StaticMeshActor_546', 'class': 'StaticMeshActor', 'location': [0, 0, 0], 'rotation': [0, 0, 0], 'scale': [1, 1, 1]}, {'name': 'StaticMeshActor_547', 'class': 'StaticMeshActor', 'location': [0, 0, 0], 'rotation': [0, 0, 0], 'scale': [1, 1, 1]}, {'name': 'StaticMeshActor_548', 'class': 'StaticMeshActor', 'location': [0, 0, 0], 'rotation': [0, 0, 0], 'scale': [1, 1, 1]}, {'name': 'StaticMeshActor_549', 'class': 'StaticMeshActor', 'location': [0, 0, 0], 'rotation': [0, 0, 0], 'scale': [1, 1, 1]}, {'name': 'StaticMeshActor_550', 'class': 'StaticMeshActor', 'location': [0, 0, 0], 'rotation': [0, 0, 0], 'scale': [1, 1, 1]}, {'name': 'StaticMeshActor_551', 'class': 'StaticMeshActor', 'location': [0, 0, 0], 'rotation': [0, 0, 0], 'scale': [1, 1, 1]}, {'name': 'StaticMeshActor_552', 'class': 'StaticMeshActor', 'location': [0, 0, 0], 'rotation': [0, 0, 0], 'scale': [1, 1, 1]}, {'name': 'StaticMeshActor_553', 'class': 'StaticMeshActor', 'location': [0, 0, 0], 'rotation': [0, 0, 0], 'scale': [1, 1, 1]}, {'name': 'StaticMeshActor_554', 'class': 'StaticMeshActor', 'location': [0, 0, 0], 'rotation': [0, 0, 0], 'scale': [1, 1, 1]}, {'name': 'StaticMeshActor_555', 'class': 'StaticMeshActor', 'location': [0, 0, 0], 'rotation': [0, 0, 0], 'scale': [1, 1, 1]}, {'name': 'StaticMeshActor_556', 'class': 'StaticMeshActor', 'location': [0, 0, 0], 'rotation': [0, 0, 0], 'scale': [1, 1, 1]}, {'name': 'StaticMeshActor_557', 'class': 'StaticMeshActor', 'location': [0, 0, 0], 'rotation': [0, 0, 0], 'scale': [1, 1, 1]}, {'name': 'StaticMeshActor_558', 'class': 'StaticMeshActor', 'location': [0, 0, 0], 'rotation': [0, 0, 0], 'scale': [1, 1, 1]}, {'name': 'StaticMeshActor_559', 'class': 'StaticMeshActor', 'location': [0, 0, 0], 'rotation': [0, 0, 0], 'scale': [1, 1, 1]}, {'name': 'StaticMeshActor_560', 'class': 'StaticMeshActor', 'location': [0, 0, 0], 'rotation': [0, 0, 0], 'scale': [1, 1, 1]}, {'name': 'StaticMeshActor_561', 'class': 'StaticMeshActor', 'location': [0, 0, 0], 'rotation': [0, 0, 0], 'scale': [1, 1, 1]}, {'name': 'StaticMeshActor_562', 'class': 'StaticMeshActor', 'location': [0, 0, 0], 'rotation': [0, 0, 0], 'scale': [1, 1, 1]}, {'name': 'StaticMeshActor_563', 'class': 'StaticMeshActor', 'location': [0, 0, 0], 'rotation': [0, 0, 0], 'scale': [1, 1, 1]}, {'name': 'StaticMeshActor_564', 'class': 'StaticMeshActor', 'location': [0, 0, 0], 'rotation': [0, 0, 0], 'scale': [1, 1, 1]}, {'name': 'StaticMeshActor_565', 'class': 'StaticMeshActor', 'location': [0, 0, 0], 'rotation': [0, 0, 0], 'scale': [1, 1, 1]}, {'name': 'StaticMeshActor_566', 'class': 'StaticMeshActor', 'location': [0, 0, 0], 'rotation': [0, 0, 0], 'scale': [1, 1, 1]}, {'name': 'StaticMeshActor_567', 'class': 'StaticMeshActor', 'location': [0, 0, 0], 'rotation': [0, 0, 0], 'scale': [1, 1, 1]}, {'name': 'StaticMeshActor_568', 'class': 'StaticMeshActor', 'location': [0, 0, 0], 'rotation': [0, 0, 0], 'scale': [1, 1, 1]}, {'name': 'StaticMeshActor_569', 'class': 'StaticMeshActor', 'location': [0, 0, 0], 'rotation': [0, 0, 0], 'scale': [1, 1, 1]}, {'name': 'StaticMeshActor_570', 'class': 'StaticMeshActor', 'location': [0, 0, 0], 'rotation': [0, 0, 0], 'scale': [1, 1, 1]}, {'name': 'StaticMeshActor_571', 'class': 'StaticMeshActor', 'location': [0, 0, 0], 'rotation': [0, 0, 0], 'scale': [1, 1, 1]}, {'name': 'StaticMeshActor_572', 'class': 'StaticMeshActor', 'location': [0, 0, 0], 'rotation': [0, 0, 0], 'scale': [1, 1, 1]}, {'name': 'StaticMeshActor_573', 'class': 'StaticMeshActor', 'location': [0, 0, 0], 'rotation': [0, 0, 0], 'scale': [1, 1, 1]}, {'name': 'StaticMeshActor_574', 'class': 'StaticMeshActor', 'location': [0, 0, 0], 'rotation': [0, 0, 0], 'scale': [1, 1, 1]}, {'name': 'StaticMeshActor_575', 'class': 'StaticMeshActor', 'location': [0, 0, 0], 'rotation': [0, 0, 0], 'scale': [1, 1, 1]}, {'name': 'StaticMeshActor_576', 'class': 'StaticMeshActor', 'location': [0, 0, 0], 'rotation': [0, 0, 0], 'scale': [1, 1, 1]}, {'name': 'StaticMeshActor_577', 'class': 'StaticMeshActor', 'location': [0, 0, 0], 'rotation': [0, 0, 0], 'scale': [1, 1, 1]}, {'name': 'StaticMeshActor_578', 'class': 'StaticMeshActor', 'location': [0, 0, 0], 'rotation': [0, 0, 0], 'scale': [1, 1, 1]}, {'name': 'StaticMeshActor_579', 'class': 'StaticMeshActor', 'location': [0, 0, 0], 'rotation': [0, 0, 0], 'scale': [1, 1, 1]}, {'name': 'StaticMeshActor_580', 'class': 'StaticMeshActor', 'location': [0, 0, 0], 'rotation': [0, 0, 0], 'scale': [1, 1, 1]}, {'name': 'StaticMeshActor_581', 'class': 'StaticMeshActor', 'location': [0, 0, 0], 'rotation': [0, 0, 0], 'scale': [1, 1, 1]}, {'name': 'StaticMeshActor_582', 'class': 'StaticMeshActor', 'location': [0, 0, 0], 'rotation': [0, 0, 0], 'scale': [1, 1, 1]}, {'name': 'StaticMeshActor_583', 'class': 'StaticMeshActor', 'location': [0, 0, 0], 'rotation': [0, 0, 0], 'scale': [1, 1, 1]}, {'name': 'StaticMeshActor_584', 'class': 'StaticMeshActor', 'location': [0, 0, 0], 'rotation': [0, 0, 0], 'scale': [1, 1, 1]}, {'name': 'StaticMeshActor_585', 'class': 'StaticMeshActor', 'location': [0, 0, 0], 'rotation': [0, 0, 0], 'scale': [1, 1, 1]}, {'name': 'StaticMeshActor_586', 'class': 'StaticMeshActor', 'location': [0, 0, 0], 'rotation': [0, 0, 0], 'scale': [1, 1, 1]}, {'name': 'StaticMeshActor_587', 'class': 'StaticMeshActor', 'location': [0, 0, 0], 'rotation': [0, 0, 0], 'scale': [1, 1, 1]}, {'name': 'StaticMeshActor_588', 'class': 'StaticMeshActor', 'location': [0, 0, 0], 'rotation': [0, 0, 0], 'scale': [1, 1, 1]}, {'name': 'StaticMeshActor_589', 'class': 'StaticMeshActor', 'location': [0, 0, 0], 'rotation': [0, 0, 0], 'scale': [1, 1, 1]}, {'name': 'StaticMeshActor_590', 'class': 'StaticMeshActor', 'location': [0, 0, 0], 'rotation': [0, 0, 0], 'scale': [1, 1, 1]}, {'name': 'StaticMeshActor_591', 'class': 'StaticMeshActor', 'location': [0, 0, 0], 'rotation': [0, 0, 0], 'scale': [1, 1, 1]}, {'name': 'BP_DREnemySpawnGroup_Room4_C_1', 'class': 'BP_DREnemySpawnGroup_Room4_C', 'location': [3626.774413039759, -2964.635753492862, 97.20347855483442], 'rotation': [0, 0, 0], 'scale': [1, 1, 1]}, {'name': 'BP_DREnemySpawnGroup_Room5_C_1', 'class': 'BP_DREnemySpawnGroup_Room5_C', 'location': [-3580.9400365880824, -3185.2339214354115, -15.227017798182715], 'rotation': [0, 0, 0], 'scale': [1, 1, 1]}, {'name': 'BP_DRBGMActor_C_1', 'class': 'BP_DRBGMActor_C', 'location': [193.11592346122097, -4251.3407427920265, 2201.1450670763943], 'rotation': [0, 0, 0], 'scale': [1, 1, 1]}, {'name': 'BP_DRDoorManager_Stage1_C_1', 'class': 'BP_DRDoorManager_Stage1_C', 'location': [84.45606863315096, -5220.746005382762, 1217.5368141420647], 'rotation': [0, 0, 0], 'scale': [1, 1, 1]}, {'name': 'BP_WaterSource_C_1', 'class': 'BP_WaterSource_C', 'location': [1526.443354053056, -2406.655157424242, 24.99996149966546], 'rotation': [0, 0, 0], 'scale': [1, 1, 1]}, {'name': 'BP_WaterSource_C_3', 'class': 'BP_WaterSource_C', 'location': [-1467.8461744439066, -2400.2153973960158, 24.999991840455436], 'rotation': [0, 0, 0], 'scale': [1, 1, 1]}, {'name': 'BP_WaterSource_C_5', 'class': 'BP_WaterSource_C', 'location': [-3967.309343945666, -2571.3356074171743, -127.392005581675], 'rotation': [0, 0, 0], 'scale': [1, 1, 1]}, {'name': 'BP_WaterSource_C_7', 'class': 'BP_WaterSource_C', 'location': [3869.825476345355, -2560.966746272101, -127.39261504721924], 'rotation': [0, 0, 0], 'scale': [1, 1, 1]}, {'name': 'BP_Dog_WithPart_C_1', 'class': 'BP_Dog_WithPart_C', 'location': [3726.71538792078, -5149.273404881928, 87.25465309149888], 'rotation': [0, 0, 0], 'scale': [1, 1, 1]}, {'name': 'BP_Dog_WithPart_C_3', 'class': 'BP_Dog_WithPart_C', 'location': [3320.9855653406253, -5274.912819905995, 125.9275212058298], 'rotation': [0, 0, 0], 'scale': [1, 1, 1]}, {'name': 'BP_Dog_WithPart_C_5', 'class': 'BP_Dog_WithPart_C', 'location': [4122.493168894209, -3228.578991190394, -24.7598500836188], 'rotation': [0, 0, 0], 'scale': [1, 1, 1]}, {'name': 'BP_DRDragonFly_Part_C_1', 'class': 'BP_DRDragonFly_Part_C', 'location': [3482.6003577084903, -2994.3211865958115, 336.0819230968409], 'rotation': [0, 0, 0], 'scale': [1, 1, 1]}, {'name': 'BP_DRDragonFly_Part_C_3', 'class': 'BP_DRDragonFly_Part_C', 'location': [-3371.6273159519505, -3010.6347455584514, 196.0417582207025], 'rotation': [0, 0, 0], 'scale': [1, 1, 1]}, {'name': 'BP_Dog_WithPart_C_7', 'class': 'BP_Dog_WithPart_C', 'location': [-3287.398974239643, -5469.91841740222, 269.3973530766708], 'rotation': [0, 0, 0], 'scale': [1, 1, 1]}, {'name': 'BP_Dog_WithPart_C_9', 'class': 'BP_Dog_WithPart_C', 'location': [-3692.7913678300274, -5282.369753412318, 263.42643920300316], 'rotation': [0, 0, 0], 'scale': [1, 1, 1]}, {'name': 'BP_Dog_WithPart_C_11', 'class': 'BP_Dog_WithPart_C', 'location': [-2988.447674025313, -3714.6978224211903, 34.6391920702614], 'rotation': [0, 0, 0], 'scale': [1, 1, 1]}, {'name': 'BP_DRArmadillo_Phase1_C_1', 'class': 'BP_DRArmadillo_Phase1_C', 'location': [3572.5446401491636, -3696.77557914371, 53.10282720205953], 'rotation': [0, 0, 0], 'scale': [1, 1, 1]}, {'name': 'BP_DRArmadillo_Phase1_C_3', 'class': 'BP_DRArmadillo_Phase1_C', 'location': [-3391.6431568945777, -3511.1590975550134, 78.50967886045015], 'rotation': [0, 0, 0], 'scale': [1, 1, 1]}, {'name': 'BP_DRAutoSlidingDoor_C_1', 'class': 'BP_DRAutoSlidingDoor_C', 'location': [0, 0, 0], 'rotation': [0, 0, 0], 'scale': [1, 1, 1]}, {'name': 'BP_DRCleanserSite_C_1', 'class': 'BP_DRCleanserSite_C', 'location': [-2.1278076758335374e-05, -3179.632680792984, 86.65958214635066], 'rotation': [0, 0, 0], 'scale': [1, 1, 1]}, {'name': 'BP_DRBreakableDoor_Room1to2_C_1', 'class': 'BP_DRBreakableDoor_Room1to2_C', 'location': [0, 0, 0], 'rotation': [0, 0, 0], 'scale': [1, 1, 1]}, {'name': 'BP_DRBreakableDoor_Room6to4_C_1', 'class': 'BP_DRBreakableDoor_Room6to4_C', 'location': [0, 0, 0], 'rotation': [0, 0, 0], 'scale': [1, 1, 1]}, {'name': 'BP_DRBreakableDoor_Room6to5_C_1', 'class': 'BP_DRBreakableDoor_Room6to5_C', 'location': [0, 0, 0], 'rotation': [0, 0, 0], 'scale': [1, 1, 1]}, {'name': 'BP_DRBreakableDoor_Room1to3_C_1', 'class': 'BP_DRBreakableDoor_Room1to3_C', 'location': [0, 0, 0], 'rotation': [0, 0, 0], 'scale': [1, 1, 1]}, {'name': 'DefaultPhysicsVolume_0', 'class': 'DefaultPhysicsVolume', 'location': [0, 0, 0], 'rotation': [0, 0, 0], 'scale': [1, 1, 1]}, {'name': 'GameplayDebuggerPlayerManager_0', 'class': 'GameplayDebuggerPlayerManager', 'location': [0, 0, 0], 'rotation': [0, 0, 0], 'scale': [1, 1, 1]}, {'name': 'ChaosDebugDrawActor', 'class': 'Actor', 'location': [0, 0, 0], 'rotation': [0, 0, 0], 'scale': [1, 1, 1]}, {'name': 'AbstractNavData-Default', 'class': 'AbstractNavData', 'location': [0, 0, 0], 'rotation': [0, 0, 0], 'scale': [1, 1, 1]}]}}
2026-07-09 20:36:45,607 - UnrealMCP - INFO - [editor_tools.py:35] - Complete response from Unreal: {'status': 'success', 'result': {'actors': [{'name': 'WorldSettings', 'class': 'WorldSettings', 'location': [0, 0, 0], 'rotation': [0, 0, 0], 'scale': [1, 1, 1]}, {'name': 'Brush_0', 'class': 'Brush', 'location': [-705, 1075, 225], 'rotation': [0, 0, 0], 'scale': [1, 1, 1]}, {'name': 'BP_EliteBossSpawnPoint_C_1', 'class': 'BP_EliteBossSpawnPoint_C', 'location': [-33.316784652826456, -4713.510548108878, 271.5422873202613], 'rotation': [0, 0, 0], 'scale': [1, 1, 1]}, {'name': 'NavMeshBoundsVolume_1', 'class': 'NavMeshBoundsVolume', 'location': [-337.38539194153407, -4037.667179592884, -39.72341086924152], 'rotation': [0, 0, 0], 'scale': [62.923789978027344, 47.15823745727539, 4.067651748657227]}, {'name': 'PlayerStart_3', 'class': 'PlayerStart', 'location': [-16.36294220713465, -6807.278143701256, 94.71363478621689], 'rotation': [0, 89.99999930282692, 0], 'scale': [1, 1, 1]}, {'name': 'TargetPoint_3', 'class': 'TargetPoint', 'location': [-2189.066306, -4886.696848, 207.443389], 'rotation': [0, 0, 0], 'scale': [1, 1, 1]}, {'name': 'TargetPoint_4', 'class': 'TargetPoint', 'location': [-1565.786855, -4886.696848, 207.443392], 'rotation': [0, 0, 0], 'scale': [1, 1, 1]}, {'name': 'TargetPoint_5', 'class': 'TargetPoint', 'location': [-940.363918, -4886.696848, 207.443379], 'rotation': [0, 0, 0], 'scale': [1, 1, 1]}, {'name': 'TargetPoint_6', 'class': 'TargetPoint', 'location': [-321.154777, -4886.696848, 207.443378], 'rotation': [0, 0, 0], 'scale': [1, 1, 1]}, {'name': 'TargetPoint_7', 'class': 'TargetPoint', 'location': [303.471918, -4886.696848, 207.443378], 'rotation': [0, 0, 0], 'scale': [1, 1, 1]}, {'name': 'TargetPoint_8', 'class': 'TargetPoint', 'location': [927.787432, -4886.696848, 207.44338], 'rotation': [0, 0, 0], 'scale': [1, 1, 1]}, {'name': 'TargetPoint_9', 'class': 'TargetPoint', 'location': [1560.959366, -4886.696848, 207.443376], 'rotation': [0, 0, 0], 'scale': [1, 1, 1]}, {'name': 'TargetPoint_10', 'class': 'TargetPoint', 'location': [2188.851586, -4886.696848, 207.443378], 'rotation': [0, 0, 0], 'scale': [1, 1, 1]}, {'name': 'TargetPoint_11', 'class': 'TargetPoint', 'location': [-2189.066306, -4208.8458, 207.443423], 'rotation': [0, 0, 0], 'scale': [1, 1, 1]}, {'name': 'TargetPoint_12', 'class': 'TargetPoint', 'location': [-1565.786855, -4208.8458, 207.443426], 'rotation': [0, 0, 0], 'scale': [1, 1, 1]}, {'name': 'TargetPoint_13', 'class': 'TargetPoint', 'location': [-940.363918, -4208.8458, 207.443413], 'rotation': [0, 0, 0], 'scale': [1, 1, 1]}, {'name': 'TargetPoint_14', 'class': 'TargetPoint', 'location': [-321.154777, -4208.8458, 207.443412], 'rotation': [0, 0, 0], 'scale': [1, 1, 1]}, {'name': 'TargetPoint_15', 'class': 'TargetPoint', 'location': [303.471918, -4208.8458, 207.443412], 'rotation': [0, 0, 0], 'scale': [1, 1, 1]}, {'name': 'TargetPoint_16', 'class': 'TargetPoint', 'location': [927.787432, -4208.8458, 207.443414], 'rotation': [0, 0, 0], 'scale': [1, 1, 1]}, {'name': 'TargetPoint_17', 'class': 'TargetPoint', 'location': [1560.959366, -4208.8458, 207.44341], 'rotation': [0, 0, 0], 'scale': [1, 1, 1]}, {'name': 'TargetPoint_18', 'class': 'TargetPoint', 'location': [2188.851586, -4208.8458, 207.443412], 'rotation': [0, 0, 0], 'scale': [1, 1, 1]}, {'name': 'TargetPoint_19', 'class': 'TargetPoint', 'location': [-2189.066305, -3526.782607, 207.44345], 'rotation': [0, 0, 0], 'scale': [1, 1, 1]}, {'name': 'TargetPoint_20', 'class': 'TargetPoint', 'location': [-1565.786854, -3526.782607, 207.443453], 'rotation': [0, 0, 0], 'scale': [1, 1, 1]}, {'name': 'TargetPoint_21', 'class': 'TargetPoint', 'location': [-940.363917, -3526.782607, 207.44344], 'rotation': [0, 0, 0], 'scale': [1, 1, 1]}, {'name': 'TargetPoint_22', 'class': 'TargetPoint', 'location': [-321.154776, -3526.782607, 207.443439], 'rotation': [0, 0, 0], 'scale': [1, 1, 1]}, {'name': 'TargetPoint_23', 'class': 'TargetPoint', 'location': [303.471919, -3526.782607, 207.443439], 'rotation': [0, 0, 0], 'scale': [1, 1, 1]}, {'name': 'TargetPoint_24', 'class': 'TargetPoint', 'location': [927.787433, -3526.782607, 207.443441], 'rotation': [0, 0, 0], 'scale': [1, 1, 1]}, {'name': 'TargetPoint_25', 'class': 'TargetPoint', 'location': [1560.959367, -3526.782607, 207.443437], 'rotation': [0, 0, 0], 'scale': [1, 1, 1]}, {'name': 'TargetPoint_26', 'class': 'TargetPoint', 'location': [2188.851587, -3526.782607, 207.443439], 'rotation': [0, 0, 0], 'scale': [1, 1, 1]}, {'name': 'TargetPoint_27', 'class': 'TargetPoint', 'location': [-2189.066303, -2852.904798, 207.443427], 'rotation': [0, 0, 0], 'scale': [1, 1, 1]}, {'name': 'TargetPoint_28', 'class': 'TargetPoint', 'location': [-1565.786852, -2852.904798, 207.44343], 'rotation': [0, 0, 0], 'scale': [1, 1, 1]}, {'name': 'TargetPoint_29', 'class': 'TargetPoint', 'location': [-940.363915, -2852.904798, 207.443417], 'rotation': [0, 0, 0], 'scale': [1, 1, 1]}, {'name': 'TargetPoint_30', 'class': 'TargetPoint', 'location': [-321.154774, -2852.904798, 207.443416], 'rotation': [0, 0, 0], 'scale': [1, 1, 1]}, {'name': 'TargetPoint_31', 'class': 'TargetPoint', 'location': [303.471921, -2852.904798, 207.443416], 'rotation': [0, 0, 0], 'scale': [1, 1, 1]}, {'name': 'TargetPoint_32', 'class': 'TargetPoint', 'location': [927.787435, -2852.904798, 207.443418], 'rotation': [0, 0, 0], 'scale': [1, 1, 1]}, {'name': 'TargetPoint_33', 'class': 'TargetPoint', 'location': [1560.959369, -2852.904798, 207.443414], 'rotation': [0, 0, 0], 'scale': [1, 1, 1]}, {'name': 'TargetPoint_34', 'class': 'TargetPoint', 'location': [2188.851589, -2852.904798, 207.443416], 'rotation': [0, 0, 0], 'scale': [1, 1, 1]}, {'name': 'TargetPoint_35', 'class': 'TargetPoint', 'location': [-2189.066304, -2188.42277, 207.44343], 'rotation': [0, 0, 0], 'scale': [1, 1, 1]}, {'name': 'TargetPoint_36', 'class': 'TargetPoint', 'location': [-1565.786853, -2188.42277, 207.443433], 'rotation': [0, 0, 0], 'scale': [1, 1, 1]}, {'name': 'TargetPoint_37', 'class': 'TargetPoint', 'location': [-940.363916, -2188.42277, 207.44342], 'rotation': [0, 0, 0], 'scale': [1, 1, 1]}, {'name': 'TargetPoint_38', 'class': 'TargetPoint', 'location': [-321.154775, -2188.42277, 207.443419], 'rotation': [0, 0, 0], 'scale': [1, 1, 1]}, {'name': 'TargetPoint_39', 'class': 'TargetPoint', 'location': [303.47192, -2188.42277, 207.443419], 'rotation': [0, 0, 0], 'scale': [1, 1, 1]}, {'name': 'TargetPoint_40', 'class': 'TargetPoint', 'location': [927.787434, -2188.42277, 207.443421], 'rotation': [0, 0, 0], 'scale': [1, 1, 1]}, {'name': 'TargetPoint_41', 'class': 'TargetPoint', 'location': [1560.959368, -2188.42277, 207.443417], 'rotation': [0, 0, 0], 'scale': [1, 1, 1]}, {'name': 'TargetPoint_42', 'class': 'TargetPoint', 'location': [2188.851588, -2188.42277, 207.443419], 'rotation': [0, 0, 0], 'scale': [1, 1, 1]}, {'name': 'TargetPoint_43', 'class': 'TargetPoint', 'location': [-2189.066306, -1527.926532, 207.443439], 'rotation': [0, 0, 0], 'scale': [1, 1, 1]}, {'name': 'TargetPoint_44', 'class': 'TargetPoint', 'location': [-1565.786855, -1527.926532, 207.443442], 'rotation': [0, 0, 0], 'scale': [1, 1, 1]}, {'name': 'TargetPoint_45', 'class': 'TargetPoint', 'location': [-940.363918, -1527.926532, 207.443429], 'rotation': [0, 0, 0], 'scale': [1, 1, 1]}, {'name': 'TargetPoint_46', 'class': 'TargetPoint', 'location': [-321.154777, -1527.926532, 207.443428], 'rotation': [0, 0, 0], 'scale': [1, 1, 1]}, {'name': 'TargetPoint_47', 'class': 'TargetPoint', 'location': [303.471918, -1527.926532, 207.443428], 'rotation': [0, 0, 0], 'scale': [1, 1, 1]}, {'name': 'TargetPoint_48', 'class': 'TargetPoint', 'location': [927.787432, -1527.926532, 207.44343], 'rotation': [0, 0, 0], 'scale': [1, 1, 1]}, {'name': 'TargetPoint_49', 'class': 'TargetPoint', 'location': [1560.959366, -1527.926532, 207.443426], 'rotation': [0, 0, 0], 'scale': [1, 1, 1]}, {'name': 'TargetPoint_50', 'class': 'TargetPoint', 'location': [2188.851586, -1527.926532, 207.443428], 'rotation': [0, 0, 0], 'scale': [1, 1, 1]}, {'name': 'BlockingVolume_1', 'class': 'BlockingVolume', 'location': [1.0032739297116677e-06, -6326.550795919664, -99.96471982893337], 'rotation': [0, 0, 0], 'scale': [15.487353324890137, 10.788186073303223, 1]}, {'name': 'BlockingVolume_2', 'class': 'BlockingVolume', 'location': [1.3055977845510824e-06, -3196.7278653216795, -99.96468802718977], 'rotation': [0, 0, 0], 'scale': [25.495044708251953, 20.515119552612305, 1]}, {'name': 'BlockingVolume_3', 'class': 'BlockingVolume', 'location': [3324.1292310852186, -1659.7856674600114, -99.96459817623037], 'rotation': [0, 0, 0], 'scale': [7.748734951019287, 5.376236915588379, 1]}, {'name': 'BlockingVolume_4', 'class': 'BlockingVolume', 'location': [-3324.2272947621486, -1659.785667, -99.96459402649026], 'rotation': [0, 0, 0], 'scale': [7.748735, 5.376237, 1]}, {'name': 'BlockingVolume_5', 'class': 'BlockingVolume', 'location': [-2556.7988512983493, -6703.52382487966, -99.964557995359], 'rotation': [0, 0, 0], 'scale': [9.617569923400879, 6.062704086303711, 1]}, {'name': 'BlockingVolume_6', 'class': 'BlockingVolume', 'location': [2573.0574325771804, -6801.073531871301, -99.96455111259817], 'rotation': [0, 0, 0], 'scale': [10.255724, 5.050724506378174, 1]}, {'name': 'BlockingVolume_7', 'class': 'BlockingVolume', 'location': [4069.9569320826117, -7128.405380742213, -99.96455055573276], 'rotation': [0, 0, 0], 'scale': [4.711850643157959, 3.308187246322632, 1]}, {'name': 'BlockingVolume_8', 'class': 'BlockingVolume', 'location': [1799.9521648111674, -5802.386580717825, -99.96454350213513], 'rotation': [0, -89.99999930282696, 0], 'scale': [4.932080268859863, 2.3699491024017334, 1]}, {'name': 'BlockingVolume_9', 'class': 'BlockingVolume', 'location': [-1796.9644534096753, -5700.409530460299, -99.96452977030974], 'rotation': [0, -89.999999, 0], 'scale': [3.976621150970459, 2.369949, 1]}, {'name': 'BlockingVolume_10', 'class': 'BlockingVolume', 'location': [-3869.8859825815944, -7073.644969937549, -99.96454313424856], 'rotation': [0, -89.999999, 0], 'scale': [2.7737927436828613, 3.5022082328796387, 1]}, {'name': 'BlockingVolume_11', 'class': 'BlockingVolume', 'location': [-3822.005826134896, -6554.343320309231, -169.01023252373543], 'rotation': [14.999999883804486, -89.9999989647237, 2.67949227985073e-07], 'scale': [2.773793, 3.0418896675109863, 1]}, {'name': 'BlockingVolume_13', 'class': 'BlockingVolume', 'location': [-3.746190270703664e-05, -4047.2261524921223, -239.5661357731794], 'rotation': [0, 0, 0], 'scale': [53.575950622558594, 36.36101531982422, 1]}, {'name': 'BlockingVolume_14', 'class': 'BlockingVolume', 'location': [-2302.7488450814117, -5700.409504161068, -168.83898850479562], 'rotation': [2.3748072391520693e-07, -89.99999902860067, -13.737898429796248], 'scale': [3.976621, 3.0118393898010254, 1]}, {'name': 'BlockingVolume_15', 'class': 'BlockingVolume', 'location': [-3096.408597096479, -2519.61098807095, -191.00238611146042], 'rotation': [0, 0, -15.295731533808858], 'scale': [5.069080352783203, 3.614467144012451, 1]}, {'name': 'BlockingVolume_16', 'class': 'BlockingVolume', 'location': [4069.956932, -6505.731721694624, -185.67251184767807], 'rotation': [0, 0, 15.661351185716727], 'scale': [4.711851, 3.308187, 1]}, {'name': 'BlockingVolume_17', 'class': 'BlockingVolume', 'location': [2312.481886617948, -5802.386581, -168.3048508734789], 'rotation': [-2.308782987123492e-07, -89.99999902700964, 13.348794654692002], 'scale': [4.93208, 3.073652982711792, 1]}, {'name': 'BlockingVolume_18', 'class': 'BlockingVolume', 'location': [3102.0617200812612, -2476.1850608021837, -184.1578741506794], 'rotation': [0, 0, -16.000897491752536], 'scale': [4.988472938537598, 3.1845510005950928, 1]}, {'name': 'RecastNavMesh-Default', 'class': 'RecastNavMesh', 'location': [0, 0, 0], 'rotation': [0, 0, 0], 'scale': [1, 1, 1]}, {'name': 'BlockingVolume_19', 'class': 'BlockingVolume', 'location': [0.5440177505720936, -5253.017943613726, 742.3141306965085], 'rotation': [0, 0, 0], 'scale': [4.029939651489258, 1.3556849956512451, 0.6301780939102173]}, {'name': 'BlockingVolume_20', 'class': 'BlockingVolume', 'location': [0.5440155595780213, -5253.017943999999, 1062.4215504177946], 'rotation': [0, 0, 0], 'scale': [14.98978042602539, 0.7764946818351746, 4.12509822845459]}, {'name': 'BlockingVolume_21', 'class': 'BlockingVolume', 'location': [-993.5756155167193, -5246.2171186232845, 523.6942775651842], 'rotation': [0, 0, 0], 'scale': [5.039458274841309, 0.8965249061584473, 5.760396957397461]}, {'name': 'BlockingVolume_22', 'class': 'BlockingVolume', 'location': [993.5677635964196, -5246.217119, 523.6942718515122], 'rotation': [0, 0, 0], 'scale': [5.039458, 0.896525, 5.760397]}, {'name': 'BlockingVolume_23', 'class': 'BlockingVolume', 'location': [2050.7522012651243, -5233.929151416191, 523.6942699190416], 'rotation': [0, 0, 0], 'scale': [5.575113773345947, 0.7698781490325928, 8.489500045776367]}, {'name': 'BlockingVolume_24', 'class': 'BlockingVolume', 'location': [-2050.3150650687203, -5217.854904775641, 523.6942463521686], 'rotation': [0, 0, 0], 'scale': [5.575114, 0.769878, 9.328271865844727]}, {'name': 'BlockingVolume_25', 'class': 'BlockingVolume', 'location': [-2556.0574213500954, -3748.5088345809345, 523.6942591545719], 'rotation': [0, -89.9999993028274, 0], 'scale': [15.387985229492188, 0.769878, 6.780275]}, {'name': 'BlockingVolume_26', 'class': 'BlockingVolume', 'location': [2532.7947675639894, -3736.304162137646, 523.6942975242335], 'rotation': [0, -89.999999, 0], 'scale': [15.304652214050293, 0.769878, 6.780275]}, {'name': 'BlockingVolume_27', 'class': 'BlockingVolume', 'location': [2532.794767999999, -1537.9802014252607, 785.7469225552886], 'rotation': [0, -89.999999, 0], 'scale': [6.67014217376709, 0.769878, 1.8217508792877197]}, {'name': 'BlockingVolume_28', 'class': 'BlockingVolume', 'location': [-2522.3386816065386, -1537.9802010710657, 784.3904818728381], 'rotation': [0, -89.999999, 0], 'scale': [6.690608978271484, 0.769878, 1.821751]}, {'name': 'BlockingVolume_29', 'class': 'BlockingVolume', 'location': [-2522.3386820000014, -1132.519054675034, 410.7195471071565], 'rotation': [0, -89.999999, 0], 'scale': [2.7204103469848633, 0.769878, 6.171109676361084]}, {'name': 'BlockingVolume_30', 'class': 'BlockingVolume', 'location': [2532.395315270375, -1130.2835865066827, 410.71953896083573], 'rotation': [0, -89.999999, 0], 'scale': [2.72041, 0.769878, 6.17111]}, {'name': 'BlockingVolume_31', 'class': 'BlockingVolume', 'location': [1340.902205621542, -5900.274713961803, -47.84336888885451], 'rotation': [0, 0, 0], 'scale': [1.5518075227737427, 5.96089506149292, 1]}, {'name': 'BlockingVolume_32', 'class': 'BlockingVolume', 'location': [-1347.4117067213379, -5900.274714, -47.84335606223161], 'rotation': [0, 0, 0], 'scale': [1.551808, 5.960895, 1]}, {'name': 'BlockingVolume_34', 'class': 'BlockingVolume', 'location': [-2.946397964720404e-06, -7288.862554682108, 781.4973870332826], 'rotation': [0, 0, 0], 'scale': [5.759631633758545, 1, 0.9999086856842041]}, {'name': 'BlockingVolume_35', 'class': 'BlockingVolume', 'location': [-4.67787556026866e-06, -7320.025271893825, 907.7111604966135], 'rotation': [0, 0, 0], 'scale': [10.98107624053955, 0.23834747076034546, 4.4784674644470215]}, {'name': 'BlockingVolume_36', 'class': 'BlockingVolume', 'location': [-2765.5557811682384, -7320.025272000062, 479.03294239743053], 'rotation': [0, 0, 0], 'scale': [22.920377731323242, 0.238347, 5.309179306030273]}, {'name': 'BlockingVolume_37', 'class': 'BlockingVolume', 'location': [2529.2887488663478, -7320.025272000001, 479.0328642204746], 'rotation': [0, 0, 0], 'scale': [19.83062744140625, 0.238347, 5.309179]}, {'name': 'BlockingVolume_38', 'class': 'BlockingVolume', 'location': [488.3449543205592, -7247.852256351456, 355.5826087151882], 'rotation': [0, 0, 0], 'scale': [0.8498108386993408, 0.5856516361236572, 3.578880786895752]}, {'name': 'BlockingVolume_39', 'class': 'BlockingVolume', 'location': [-491.73223098947955, -7247.852256, 355.5826007000389], 'rotation': [0, 0, 0], 'scale': [0.849811, 0.585652, 3.578881]}, {'name': 'BlockingVolume_40', 'class': 'BlockingVolume', 'location': [-1549.7043364058736, -7253.839877730813, 491.07397932059155], 'rotation': [0, 0, 0], 'scale': [0.5412611961364746, 0.585652, 5.211854934692383]}, {'name': 'BlockingVolume_41', 'class': 'BlockingVolume', 'location': [1550.1265529317795, -7253.839878, 491.0739883434846], 'rotation': [0, 0, 0], 'scale': [0.541261, 0.585652, 5.211855]}, {'name': 'BlockingVolume_42', 'class': 'BlockingVolume', 'location': [488.3449539999926, -5254.937901365906, 355.58260090062294], 'rotation': [0, 0, 0], 'scale': [0.849811, 1.3684930801391602, 3.578881]}, {'name': 'BlockingVolume_43', 'class': 'BlockingVolume', 'location': [-489.5248616955204, -5254.937901, 355.5826214367384], 'rotation': [0, 0, 0], 'scale': [0.849811, 1.368493, 3.578881]}, {'name': 'BlockingVolume_44', 'class': 'BlockingVolume', 'location': [1550.1265530000007, -6943.838150923743, 825.1860712473492], 'rotation': [0, 0, 0], 'scale': [0.541261, 2.5166409015655518, 2.041386365890503]}, {'name': 'BlockingVolume_45', 'class': 'BlockingVolume', 'location': [-1550.4383854598939, -6943.838151, 825.1860632103078], 'rotation': [0, 0, 0], 'scale': [0.541261, 2.516641, 2.041386]}, {'name': 'BlockingVolume_46', 'class': 'BlockingVolume', 'location': [-1550.4383850000115, -5974.269337786052, 505.5098229062685], 'rotation': [0, 0, 0], 'scale': [0.541261, 7.1660990715026855, 5.249728679656982]}, {'name': 'BlockingVolume_47', 'class': 'BlockingVolume', 'location': [1549.9647192830264, -5974.269338, 505.50979601753136], 'rotation': [0, 0, 0], 'scale': [0.541261, 7.166099, 5.249729]}, {'name': 'BlockingVolume_56', 'class': 'BlockingVolume', 'location': [4591.842571692353, -5792.857549210091, 344.6615455875325], 'rotation': [0, 0, 0], 'scale': [0.932150661945343, 15.559154510498047, 6.72456169128418]}, {'name': 'BlockingVolume_58', 'class': 'BlockingVolume', 'location': [3549.9002674575618, -4760.024802318334, 856.9863206015152], 'rotation': [0, 0, 0], 'scale': [9.564591407775879, 1.06063711643219, 1]}, {'name': 'BlockingVolume_59', 'class': 'BlockingVolume', 'location': [2792.3203028418097, -4374.037524595161, -105.57547146152089], 'rotation': [0, 0, 0], 'scale': [1.899857, 0.67985, 1]}, {'name': 'BlockingVolume_60', 'class': 'BlockingVolume', 'location': [3895.1536938229906, -4374.037525, -106.80488075829433], 'rotation': [0, 0, 0], 'scale': [1.899857, 0.67985, 1]}, {'name': 'BlockingVolume_62', 'class': 'BlockingVolume', 'location': [2649.766413269056, -3332.5718875763805, -88.14960403486711], 'rotation': [0, 0, -89.9999993028277], 'scale': [1.3905547857284546, 4.3365478515625, 1.3818790912628174]}, {'name': 'BlockingVolume_63', 'class': 'BlockingVolume', 'location': [2650.2282832130245, -2877.2641836760745, 368.3517198432116], 'rotation': [0, 0, 0], 'scale': [0.5639228820800781, 0.5592660307884216, 5.12996244430542]}, {'name': 'BlockingVolume_64', 'class': 'BlockingVolume', 'location': [3618.9291500429263, -4217.741841982012, 722.382396991966], 'rotation': [0, 0, 0], 'scale': [10.30325984954834, 0.25980499386787415, 3.447758913040161]}, {'name': 'BlockingVolume_65', 'class': 'BlockingVolume', 'location': [5069.208272854866, -2649.3061396045578, 507.20027969389247], 'rotation': [0, 0, 0], 'scale': [1.390555, 16.284812927246094, 6.6332783699035645]}, {'name': 'BlockingVolume_66', 'class': 'BlockingVolume', 'location': [4025.194299230071, -1660.139717630648, 371.71869553325297], 'rotation': [0, 0, 0], 'scale': [0.22919036448001862, 4.930878639221191, 11.017218589782715]}, {'name': 'BlockingVolume_68', 'class': 'BlockingVolume', 'location': [3327.728814158408, -1257.6997940972246, -235.94614432223085], 'rotation': [0, 0, 0], 'scale': [7.190478324890137, 1, 3.3300797939300537]}, {'name': 'BlockingVolume_70', 'class': 'BlockingVolume', 'location': [7.7970012495715935, -1100.5993359333308, 534.0064594686241], 'rotation': [0, 0, 0], 'scale': [50.7541389465332, 1, 7.680005073547363]}, {'name': 'BlockingVolume_97', 'class': 'BlockingVolume', 'location': [3.253706343504664, -1230.54713848046, 524.2172156713838], 'rotation': [0, 0, 0], 'scale': [4.369872570037842, 0.730614, 9.399446487426758]}, {'name': 'BlockingVolume_106', 'class': 'BlockingVolume', 'location': [-4802.615577422672, -2668.212281258584, 423.6328630149484], 'rotation': [0, 0, 0], 'scale': [1.120373, 15.322468757629395, 5.92881441116333]}, {'name': 'BlockingVolume_107', 'class': 'BlockingVolume', 'location': [-4313.331158803926, -5754.5209002428865, 420.5732459994155], 'rotation': [0, 0, 0], 'scale': [1.869783639907837, 15.50111198425293, 5.928814]}, {'name': 'BlockingVolume_112', 'class': 'BlockingVolume', 'location': [-3575.2455380059746, -4134.283589543198, 800.2824873398692], 'rotation': [0, 0, 0], 'scale': [9.799880981445312, 1.2764537334442139, 4.351181507110596]}, {'name': 'BlockingVolume_115', 'class': 'BlockingVolume', 'location': [-2639.115013493719, -2459.355561681591, 446.09025091391567], 'rotation': [0, 0, 0], 'scale': [0.3158204257488251, 1.6032460927963257, 2.2530598640441895]}, {'name': 'PostProcessVolume_1', 'class': 'PostProcessVolume', 'location': [170.74654971432045, -4592.133706484481, 1422.4434776161288], 'rotation': [0, 0, 0], 'scale': [1, 1, 1]}, {'name': 'BlockingVolume_57', 'class': 'BlockingVolume', 'location': [0.044837765195097745, -7392.731113856595, 389.0193571367992], 'rotation': [0, 0, 0], 'scale': [4.556419849395752, 1, 4.112443923950195]}, {'name': 'BP_Phase3SpawnPoint_C_2', 'class': 'BP_Phase3SpawnPoint_C', 'location': [-2284.6486904452404, -1629.7295621015626, 287.6643746873368], 'rotation': [0, -89.99999930282748, 0], 'scale': [1, 1, 1]}, {'name': 'BP_Phase3SpawnPoint_C_6', 'class': 'BP_Phase3SpawnPoint_C', 'location': [258.4382657985651, -5814.022046698772, 265.0725370773307], 'rotation': [0, 179.99999860565626, 0], 'scale': [1, 1, 1]}, {'name': 'BP_Phase3SpawnPoint_C_9', 'class': 'BP_Phase3SpawnPoint_C', 'location': [-271.3103189615282, -5820.486700994996, 266.4568813279344], 'rotation': [0, 0, 0], 'scale': [1, 1, 1]}, {'name': 'BP_Phase3SpawnPoint_C_11', 'class': 'BP_Phase3SpawnPoint_C', 'location': [2320.3037496660286, -1651.1061185957049, 314.50002304527817], 'rotation': [0, 90.00000209151897, 0], 'scale': [1, 1, 1]}, {'name': 'BlockingVolume_0', 'class': 'BlockingVolume', 'location': [604.6938731142037, -1183.865225782058, 524.2172367592], 'rotation': [0, 14.999999883804524, 0], 'scale': [1.9003793001174927, 0.730614, 9.399446]}, {'name': 'BlockingVolume_74', 'class': 'BlockingVolume', 'location': [-599.2430984089984, -1183.8652277503252, 524.2172369999934], 'rotation': [0, -14.99999976760904, 0], 'scale': [1.900379, 0.730614, 9.399446]}, {'name': 'BlockingVolume_75', 'class': 'BlockingVolume', 'location': [3844.288672628098, -2126.978845824513, 371.7186863185056], 'rotation': [0, -89.99999930282748, 0], 'scale': [0.22919, 1.9977947473526, 11.017219]}, {'name': 'BlockingVolume_85', 'class': 'BlockingVolume', 'location': [3973.3483575474997, -2077.6460765954253, 371.718677003709], 'rotation': [0, -89.999999, 0], 'scale': [0.7969434261322021, 0.755683422088623, 11.017219]}, {'name': 'BlockingVolume_108', 'class': 'BlockingVolume', 'location': [3278.5115075589265, -1257.699794000017, 610.1089764425393], 'rotation': [0, 0, 0], 'scale': [5.370030403137207, 1, 1.769500970840454]}, {'name': 'BlockingVolume_117', 'class': 'BlockingVolume', 'location': [2608.717861376687, -3691.646326164746, 162.41723109395812], 'rotation': [0, 0, -89.999999], 'scale': [0.9840746521949768, 4.336548, 1.381879]}, {'name': 'BlockingVolume_118', 'class': 'BlockingVolume', 'location': [4586.623290487141, -4134.162550532099, 104.96852036609707], 'rotation': [0, 0, 0], 'scale': [4.898008346557617, 0.67985, 5.510871410369873]}, {'name': 'BlockingVolume_119', 'class': 'BlockingVolume', 'location': [4401.361672955477, -4758.317920274272, 51.31425923492952], 'rotation': [0, -89.99999930282748, 0], 'scale': [5.776109218597412, 0.67985, 2.5221099853515625]}, {'name': 'BlockingVolume_120', 'class': 'BlockingVolume', 'location': [4071.267919109288, -7210.128703782949, 688.934795904989], 'rotation': [0, -179.99999830282718, 0], 'scale': [2.7503762245178223, 0.67985, 2.52211]}, {'name': 'BlockingVolume_121', 'class': 'BlockingVolume', 'location': [1660.0057149434097, -5846.1361174702, 180.63272850252258], 'rotation': [0, 90.00000269717344, 0], 'scale': [5.776109, 0.67985, 2.52211]}, {'name': 'BlockingVolume_122', 'class': 'BlockingVolume', 'location': [2418.0360506344723, -6309.323813527216, 862.5205744792148], 'rotation': [-4.9670688895275816e-08, -179.99999800061715, 1.4231170640203965], 'scale': [1.028274655342102, 10.17053508758545, 0.975040078163147]}, {'name': 'BlockingVolume_123', 'class': 'BlockingVolume', 'location': [4508.002417819394, -1374.3185819873656, 371.7186837733278], 'rotation': [0, -89.999999, 0], 'scale': [0.22919, 5.684290409088135, 11.017219]}, {'name': 'BlockingVolume_124', 'class': 'BlockingVolume', 'location': [2876.700426812189, -2618.5235617479084, 959.3767604595605], 'rotation': [0, -89.99999930282753, 0], 'scale': [15.712876319885254, 1.9205152988433838, 1.6807868480682373]}, {'name': 'BlockingVolume_12', 'class': 'BlockingVolume', 'location': [3362.320303, -4614.037525, -105.575471], 'rotation': [0, 0, 0], 'scale': [1.899857, 0.67985, 1]}, {'name': 'StaticMeshActor_296', 'class': 'StaticMeshActor', 'location': [0, 0, 0], 'rotation': [0, 0, 0], 'scale': [1, 1, 1]}, {'name': 'StaticMeshActor_297', 'class': 'StaticMeshActor', 'location': [0, 0, 0], 'rotation': [0, 0, 0], 'scale': [1, 1, 1]}, {'name': 'StaticMeshActor_298', 'class': 'StaticMeshActor', 'location': [0, 0, 0], 'rotation': [0, 0, 0], 'scale': [1, 1, 1]}, {'name': 'StaticMeshActor_299', 'class': 'StaticMeshActor', 'location': [0, 0, 0], 'rotation': [0, 0, 0], 'scale': [1, 1, 1]}, {'name': 'StaticMeshActor_300', 'class': 'StaticMeshActor', 'location': [0, 0, 0], 'rotation': [0, 0, 0], 'scale': [1, 1, 1]}, {'name': 'StaticMeshActor_301', 'class': 'StaticMeshActor', 'location': [0, 0, 0], 'rotation': [0, 0, 0], 'scale': [1, 1, 1]}, {'name': 'StaticMeshActor_302', 'class': 'StaticMeshActor', 'location': [0, 0, 0], 'rotation': [0, 0, 0], 'scale': [1, 1, 1]}, {'name': 'StaticMeshActor_303', 'class': 'StaticMeshActor', 'location': [0, 0, 0], 'rotation': [0, 0, 0], 'scale': [1, 1, 1]}, {'name': 'StaticMeshActor_304', 'class': 'StaticMeshActor', 'location': [0, 0, 0], 'rotation': [0, 0, 0], 'scale': [1, 1, 1]}, {'name': 'StaticMeshActor_305', 'class': 'StaticMeshActor', 'location': [0, 0, 0], 'rotation': [0, 0, 0], 'scale': [1, 1, 1]}, {'name': 'StaticMeshActor_306', 'class': 'StaticMeshActor', 'location': [0, 0, 0], 'rotation': [0, 0, 0], 'scale': [1, 1, 1]}, {'name': 'StaticMeshActor_307', 'class': 'StaticMeshActor', 'location': [0, 0, 0], 'rotation': [0, 0, 0], 'scale': [1, 1, 1]}, {'name': 'StaticMeshActor_308', 'class': 'StaticMeshActor', 'location': [0, 0, 0], 'rotation': [0, 0, 0], 'scale': [1, 1, 1]}, {'name': 'StaticMeshActor_309', 'class': 'StaticMeshActor', 'location': [0, 0, 0], 'rotation': [0, 0, 0], 'scale': [1, 1, 1]}, {'name': 'StaticMeshActor_310', 'class': 'StaticMeshActor', 'location': [0, 0, 0], 'rotation': [0, 0, 0], 'scale': [1, 1, 1]}, {'name': 'StaticMeshActor_311', 'class': 'StaticMeshActor', 'location': [0, 0, 0], 'rotation': [0, 0, 0], 'scale': [1, 1, 1]}, {'name': 'StaticMeshActor_312', 'class': 'StaticMeshActor', 'location': [0, 0, 0], 'rotation': [0, 0, 0], 'scale': [1, 1, 1]}, {'name': 'StaticMeshActor_313', 'class': 'StaticMeshActor', 'location': [0, 0, 0], 'rotation': [0, 0, 0], 'scale': [1, 1, 1]}, {'name': 'StaticMeshActor_314', 'class': 'StaticMeshActor', 'location': [0, 0, 0], 'rotation': [0, 0, 0], 'scale': [1, 1, 1]}, {'name': 'StaticMeshActor_315', 'class': 'StaticMeshActor', 'location': [0, 0, 0], 'rotation': [0, 0, 0], 'scale': [1, 1, 1]}, {'name': 'StaticMeshActor_316', 'class': 'StaticMeshActor', 'location': [0, 0, 0], 'rotation': [0, 0, 0], 'scale': [1, 1, 1]}, {'name': 'StaticMeshActor_317', 'class': 'StaticMeshActor', 'location': [0, 0, 0], 'rotation': [0, 0, 0], 'scale': [1, 1, 1]}, {'name': 'StaticMeshActor_318', 'class': 'StaticMeshActor', 'location': [0, 0, 0], 'rotation': [0, 0, 0], 'scale': [1, 1, 1]}, {'name': 'StaticMeshActor_319', 'class': 'StaticMeshActor', 'location': [0, 0, 0], 'rotation': [0, 0, 0], 'scale': [1, 1, 1]}, {'name': 'StaticMeshActor_320', 'class': 'StaticMeshActor', 'location': [0, 0, 0], 'rotation': [0, 0, 0], 'scale': [1, 1, 1]}, {'name': 'StaticMeshActor_321', 'class': 'StaticMeshActor', 'location': [0, 0, 0], 'rotation': [0, 0, 0], 'scale': [1, 1, 1]}, {'name': 'StaticMeshActor_322', 'class': 'StaticMeshActor', 'location': [0, 0, 0], 'rotation': [0, 0, 0], 'scale': [1, 1, 1]}, {'name': 'StaticMeshActor_323', 'class': 'StaticMeshActor', 'location': [0, 0, 0], 'rotation': [0, 0, 0], 'scale': [1, 1, 1]}, {'name': 'StaticMeshActor_324', 'class': 'StaticMeshActor', 'location': [0, 0, 0], 'rotation': [0, 0, 0], 'scale': [1, 1, 1]}, {'name': 'StaticMeshActor_325', 'class': 'StaticMeshActor', 'location': [0, 0, 0], 'rotation': [0, 0, 0], 'scale': [1, 1, 1]}, {'name': 'StaticMeshActor_326', 'class': 'StaticMeshActor', 'location': [0, 0, 0], 'rotation': [0, 0, 0], 'scale': [1, 1, 1]}, {'name': 'StaticMeshActor_327', 'class': 'StaticMeshActor', 'location': [0, 0, 0], 'rotation': [0, 0, 0], 'scale': [1, 1, 1]}, {'name': 'StaticMeshActor_328', 'class': 'StaticMeshActor', 'location': [0, 0, 0], 'rotation': [0, 0, 0], 'scale': [1, 1, 1]}, {'name': 'StaticMeshActor_329', 'class': 'StaticMeshActor', 'location': [0, 0, 0], 'rotation': [0, 0, 0], 'scale': [1, 1, 1]}, {'name': 'StaticMeshActor_330', 'class': 'StaticMeshActor', 'location': [0, 0, 0], 'rotation': [0, 0, 0], 'scale': [1, 1, 1]}, {'name': 'StaticMeshActor_331', 'class': 'StaticMeshActor', 'location': [0, 0, 0], 'rotation': [0, 0, 0], 'scale': [1, 1, 1]}, {'name': 'StaticMeshActor_332', 'class': 'StaticMeshActor', 'location': [0, 0, 0], 'rotation': [0, 0, 0], 'scale': [1, 1, 1]}, {'name': 'StaticMeshActor_333', 'class': 'StaticMeshActor', 'location': [0, 0, 0], 'rotation': [0, 0, 0], 'scale': [1, 1, 1]}, {'name': 'StaticMeshActor_334', 'class': 'StaticMeshActor', 'location': [0, 0, 0], 'rotation': [0, 0, 0], 'scale': [1, 1, 1]}, {'name': 'StaticMeshActor_335', 'class': 'StaticMeshActor', 'location': [0, 0, 0], 'rotation': [0, 0, 0], 'scale': [1, 1, 1]}, {'name': 'StaticMeshActor_336', 'class': 'StaticMeshActor', 'location': [0, 0, 0], 'rotation': [0, 0, 0], 'scale': [1, 1, 1]}, {'name': 'StaticMeshActor_337', 'class': 'StaticMeshActor', 'location': [0, 0, 0], 'rotation': [0, 0, 0], 'scale': [1, 1, 1]}, {'name': 'StaticMeshActor_338', 'class': 'StaticMeshActor', 'location': [0, 0, 0], 'rotation': [0, 0, 0], 'scale': [1, 1, 1]}, {'name': 'StaticMeshActor_339', 'class': 'StaticMeshActor', 'location': [0, 0, 0], 'rotation': [0, 0, 0], 'scale': [1, 1, 1]}, {'name': 'StaticMeshActor_340', 'class': 'StaticMeshActor', 'location': [0, 0, 0], 'rotation': [0, 0, 0], 'scale': [1, 1, 1]}, {'name': 'StaticMeshActor_341', 'class': 'StaticMeshActor', 'location': [0, 0, 0], 'rotation': [0, 0, 0], 'scale': [1, 1, 1]}, {'name': 'StaticMeshActor_342', 'class': 'StaticMeshActor', 'location': [0, 0, 0], 'rotation': [0, 0, 0], 'scale': [1, 1, 1]}, {'name': 'StaticMeshActor_343', 'class': 'StaticMeshActor', 'location': [0, 0, 0], 'rotation': [0, 0, 0], 'scale': [1, 1, 1]}, {'name': 'StaticMeshActor_344', 'class': 'StaticMeshActor', 'location': [0, 0, 0], 'rotation': [0, 0, 0], 'scale': [1, 1, 1]}, {'name': 'StaticMeshActor_345', 'class': 'StaticMeshActor', 'location': [0, 0, 0], 'rotation': [0, 0, 0], 'scale': [1, 1, 1]}, {'name': 'StaticMeshActor_346', 'class': 'StaticMeshActor', 'location': [0, 0, 0], 'rotation': [0, 0, 0], 'scale': [1, 1, 1]}, {'name': 'StaticMeshActor_347', 'class': 'StaticMeshActor', 'location': [0, 0, 0], 'rotation': [0, 0, 0], 'scale': [1, 1, 1]}, {'name': 'StaticMeshActor_348', 'class': 'StaticMeshActor', 'location': [0, 0, 0], 'rotation': [0, 0, 0], 'scale': [1, 1, 1]}, {'name': 'StaticMeshActor_349', 'class': 'StaticMeshActor', 'location': [0, 0, 0], 'rotation': [0, 0, 0], 'scale': [1, 1, 1]}, {'name': 'StaticMeshActor_350', 'class': 'StaticMeshActor', 'location': [0, 0, 0], 'rotation': [0, 0, 0], 'scale': [1, 1, 1]}, {'name': 'StaticMeshActor_351', 'class': 'StaticMeshActor', 'location': [0, 0, 0], 'rotation': [0, 0, 0], 'scale': [1, 1, 1]}, {'name': 'StaticMeshActor_352', 'class': 'StaticMeshActor', 'location': [0, 0, 0], 'rotation': [0, 0, 0], 'scale': [1, 1, 1]}, {'name': 'StaticMeshActor_353', 'class': 'StaticMeshActor', 'location': [0, 0, 0], 'rotation': [0, 0, 0], 'scale': [1, 1, 1]}, {'name': 'StaticMeshActor_354', 'class': 'StaticMeshActor', 'location': [0, 0, 0], 'rotation': [0, 0, 0], 'scale': [1, 1, 1]}, {'name': 'StaticMeshActor_355', 'class': 'StaticMeshActor', 'location': [0, 0, 0], 'rotation': [0, 0, 0], 'scale': [1, 1, 1]}, {'name': 'StaticMeshActor_356', 'class': 'StaticMeshActor', 'location': [0, 0, 0], 'rotation': [0, 0, 0], 'scale': [1, 1, 1]}, {'name': 'StaticMeshActor_357', 'class': 'StaticMeshActor', 'location': [0, 0, 0], 'rotation': [0, 0, 0], 'scale': [1, 1, 1]}, {'name': 'StaticMeshActor_358', 'class': 'StaticMeshActor', 'location': [0, 0, 0], 'rotation': [0, 0, 0], 'scale': [1, 1, 1]}, {'name': 'StaticMeshActor_359', 'class': 'StaticMeshActor', 'location': [0, 0, 0], 'rotation': [0, 0, 0], 'scale': [1, 1, 1]}, {'name': 'StaticMeshActor_360', 'class': 'StaticMeshActor', 'location': [0, 0, 0], 'rotation': [0, 0, 0], 'scale': [1, 1, 1]}, {'name': 'StaticMeshActor_361', 'class': 'StaticMeshActor', 'location': [0, 0, 0], 'rotation': [0, 0, 0], 'scale': [1, 1, 1]}, {'name': 'StaticMeshActor_362', 'class': 'StaticMeshActor', 'location': [0, 0, 0], 'rotation': [0, 0, 0], 'scale': [1, 1, 1]}, {'name': 'StaticMeshActor_363', 'class': 'StaticMeshActor', 'location': [0, 0, 0], 'rotation': [0, 0, 0], 'scale': [1, 1, 1]}, {'name': 'StaticMeshActor_364', 'class': 'StaticMeshActor', 'location': [0, 0, 0], 'rotation': [0, 0, 0], 'scale': [1, 1, 1]}, {'name': 'StaticMeshActor_365', 'class': 'StaticMeshActor', 'location': [0, 0, 0], 'rotation': [0, 0, 0], 'scale': [1, 1, 1]}, {'name': 'StaticMeshActor_366', 'class': 'StaticMeshActor', 'location': [0, 0, 0], 'rotation': [0, 0, 0], 'scale': [1, 1, 1]}, {'name': 'StaticMeshActor_367', 'class': 'StaticMeshActor', 'location': [0, 0, 0], 'rotation': [0, 0, 0], 'scale': [1, 1, 1]}, {'name': 'StaticMeshActor_368', 'class': 'StaticMeshActor', 'location': [0, 0, 0], 'rotation': [0, 0, 0], 'scale': [1, 1, 1]}, {'name': 'StaticMeshActor_369', 'class': 'StaticMeshActor', 'location': [0, 0, 0], 'rotation': [0, 0, 0], 'scale': [1, 1, 1]}, {'name': 'StaticMeshActor_370', 'class': 'StaticMeshActor', 'location': [0, 0, 0], 'rotation': [0, 0, 0], 'scale': [1, 1, 1]}, {'name': 'StaticMeshActor_371', 'class': 'StaticMeshActor', 'location': [0, 0, 0], 'rotation': [0, 0, 0], 'scale': [1, 1, 1]}, {'name': 'StaticMeshActor_372', 'class': 'StaticMeshActor', 'location': [0, 0, 0], 'rotation': [0, 0, 0], 'scale': [1, 1, 1]}, {'name': 'StaticMeshActor_373', 'class': 'StaticMeshActor', 'location': [0, 0, 0], 'rotation': [0, 0, 0], 'scale': [1, 1, 1]}, {'name': 'StaticMeshActor_374', 'class': 'StaticMeshActor', 'location': [0, 0, 0], 'rotation': [0, 0, 0], 'scale': [1, 1, 1]}, {'name': 'StaticMeshActor_375', 'class': 'StaticMeshActor', 'location': [0, 0, 0], 'rotation': [0, 0, 0], 'scale': [1, 1, 1]}, {'name': 'StaticMeshActor_376', 'class': 'StaticMeshActor', 'location': [0, 0, 0], 'rotation': [0, 0, 0], 'scale': [1, 1, 1]}, {'name': 'StaticMeshActor_377', 'class': 'StaticMeshActor', 'location': [0, 0, 0], 'rotation': [0, 0, 0], 'scale': [1, 1, 1]}, {'name': 'StaticMeshActor_378', 'class': 'StaticMeshActor', 'location': [0, 0, 0], 'rotation': [0, 0, 0], 'scale': [1, 1, 1]}, {'name': 'StaticMeshActor_379', 'class': 'StaticMeshActor', 'location': [0, 0, 0], 'rotation': [0, 0, 0], 'scale': [1, 1, 1]}, {'name': 'StaticMeshActor_380', 'class': 'StaticMeshActor', 'location': [0, 0, 0], 'rotation': [0, 0, 0], 'scale': [1, 1, 1]}, {'name': 'StaticMeshActor_381', 'class': 'StaticMeshActor', 'location': [0, 0, 0], 'rotation': [0, 0, 0], 'scale': [1, 1, 1]}, {'name': 'StaticMeshActor_382', 'class': 'StaticMeshActor', 'location': [0, 0, 0], 'rotation': [0, 0, 0], 'scale': [1, 1, 1]}, {'name': 'StaticMeshActor_383', 'class': 'StaticMeshActor', 'location': [0, 0, 0], 'rotation': [0, 0, 0], 'scale': [1, 1, 1]}, {'name': 'StaticMeshActor_384', 'class': 'StaticMeshActor', 'location': [0, 0, 0], 'rotation': [0, 0, 0], 'scale': [1, 1, 1]}, {'name': 'StaticMeshActor_385', 'class': 'StaticMeshActor', 'location': [0, 0, 0], 'rotation': [0, 0, 0], 'scale': [1, 1, 1]}, {'name': 'StaticMeshActor_386', 'class': 'StaticMeshActor', 'location': [0, 0, 0], 'rotation': [0, 0, 0], 'scale': [1, 1, 1]}, {'name': 'StaticMeshActor_387', 'class': 'StaticMeshActor', 'location': [0, 0, 0], 'rotation': [0, 0, 0], 'scale': [1, 1, 1]}, {'name': 'StaticMeshActor_388', 'class': 'StaticMeshActor', 'location': [0, 0, 0], 'rotation': [0, 0, 0], 'scale': [1, 1, 1]}, {'name': 'StaticMeshActor_389', 'class': 'StaticMeshActor', 'location': [0, 0, 0], 'rotation': [0, 0, 0], 'scale': [1, 1, 1]}, {'name': 'StaticMeshActor_390', 'class': 'StaticMeshActor', 'location': [0, 0, 0], 'rotation': [0, 0, 0], 'scale': [1, 1, 1]}, {'name': 'StaticMeshActor_391', 'class': 'StaticMeshActor', 'location': [0, 0, 0], 'rotation': [0, 0, 0], 'scale': [1, 1, 1]}, {'name': 'StaticMeshActor_392', 'class': 'StaticMeshActor', 'location': [0, 0, 0], 'rotation': [0, 0, 0], 'scale': [1, 1, 1]}, {'name': 'StaticMeshActor_393', 'class': 'StaticMeshActor', 'location': [0, 0, 0], 'rotation': [0, 0, 0], 'scale': [1, 1, 1]}, {'name': 'StaticMeshActor_394', 'class': 'StaticMeshActor', 'location': [0, 0, 0], 'rotation': [0, 0, 0], 'scale': [1, 1, 1]}, {'name': 'StaticMeshActor_395', 'class': 'StaticMeshActor', 'location': [0, 0, 0], 'rotation': [0, 0, 0], 'scale': [1, 1, 1]}, {'name': 'StaticMeshActor_396', 'class': 'StaticMeshActor', 'location': [0, 0, 0], 'rotation': [0, 0, 0], 'scale': [1, 1, 1]}, {'name': 'StaticMeshActor_397', 'class': 'StaticMeshActor', 'location': [0, 0, 0], 'rotation': [0, 0, 0], 'scale': [1, 1, 1]}, {'name': 'StaticMeshActor_398', 'class': 'StaticMeshActor', 'location': [0, 0, 0], 'rotation': [0, 0, 0], 'scale': [1, 1, 1]}, {'name': 'StaticMeshActor_399', 'class': 'StaticMeshActor', 'location': [0, 0, 0], 'rotation': [0, 0, 0], 'scale': [1, 1, 1]}, {'name': 'StaticMeshActor_400', 'class': 'StaticMeshActor', 'location': [0, 0, 0], 'rotation': [0, 0, 0], 'scale': [1, 1, 1]}, {'name': 'StaticMeshActor_401', 'class': 'StaticMeshActor', 'location': [0, 0, 0], 'rotation': [0, 0, 0], 'scale': [1, 1, 1]}, {'name': 'StaticMeshActor_402', 'class': 'StaticMeshActor', 'location': [0, 0, 0], 'rotation': [0, 0, 0], 'scale': [1, 1, 1]}, {'name': 'StaticMeshActor_403', 'class': 'StaticMeshActor', 'location': [0, 0, 0], 'rotation': [0, 0, 0], 'scale': [1, 1, 1]}, {'name': 'StaticMeshActor_404', 'class': 'StaticMeshActor', 'location': [0, 0, 0], 'rotation': [0, 0, 0], 'scale': [1, 1, 1]}, {'name': 'StaticMeshActor_405', 'class': 'StaticMeshActor', 'location': [0, 0, 0], 'rotation': [0, 0, 0], 'scale': [1, 1, 1]}, {'name': 'StaticMeshActor_406', 'class': 'StaticMeshActor', 'location': [0, 0, 0], 'rotation': [0, 0, 0], 'scale': [1, 1, 1]}, {'name': 'StaticMeshActor_407', 'class': 'StaticMeshActor', 'location': [0, 0, 0], 'rotation': [0, 0, 0], 'scale': [1, 1, 1]}, {'name': 'StaticMeshActor_408', 'class': 'StaticMeshActor', 'location': [0, 0, 0], 'rotation': [0, 0, 0], 'scale': [1, 1, 1]}, {'name': 'StaticMeshActor_409', 'class': 'StaticMeshActor', 'location': [0, 0, 0], 'rotation': [0, 0, 0], 'scale': [1, 1, 1]}, {'name': 'StaticMeshActor_410', 'class': 'StaticMeshActor', 'location': [0, 0, 0], 'rotation': [0, 0, 0], 'scale': [1, 1, 1]}, {'name': 'StaticMeshActor_411', 'class': 'StaticMeshActor', 'location': [0, 0, 0], 'rotation': [0, 0, 0], 'scale': [1, 1, 1]}, {'name': 'StaticMeshActor_412', 'class': 'StaticMeshActor', 'location': [0, 0, 0], 'rotation': [0, 0, 0], 'scale': [1, 1, 1]}, {'name': 'StaticMeshActor_413', 'class': 'StaticMeshActor', 'location': [0, 0, 0], 'rotation': [0, 0, 0], 'scale': [1, 1, 1]}, {'name': 'StaticMeshActor_414', 'class': 'StaticMeshActor', 'location': [0, 0, 0], 'rotation': [0, 0, 0], 'scale': [1, 1, 1]}, {'name': 'StaticMeshActor_415', 'class': 'StaticMeshActor', 'location': [0, 0, 0], 'rotation': [0, 0, 0], 'scale': [1, 1, 1]}, {'name': 'StaticMeshActor_416', 'class': 'StaticMeshActor', 'location': [0, 0, 0], 'rotation': [0, 0, 0], 'scale': [1, 1, 1]}, {'name': 'StaticMeshActor_417', 'class': 'StaticMeshActor', 'location': [0, 0, 0], 'rotation': [0, 0, 0], 'scale': [1, 1, 1]}, {'name': 'StaticMeshActor_418', 'class': 'StaticMeshActor', 'location': [0, 0, 0], 'rotation': [0, 0, 0], 'scale': [1, 1, 1]}, {'name': 'StaticMeshActor_419', 'class': 'StaticMeshActor', 'location': [0, 0, 0], 'rotation': [0, 0, 0], 'scale': [1, 1, 1]}, {'name': 'StaticMeshActor_420', 'class': 'StaticMeshActor', 'location': [0, 0, 0], 'rotation': [0, 0, 0], 'scale': [1, 1, 1]}, {'name': 'StaticMeshActor_421', 'class': 'StaticMeshActor', 'location': [0, 0, 0], 'rotation': [0, 0, 0], 'scale': [1, 1, 1]}, {'name': 'StaticMeshActor_422', 'class': 'StaticMeshActor', 'location': [0, 0, 0], 'rotation': [0, 0, 0], 'scale': [1, 1, 1]}, {'name': 'StaticMeshActor_423', 'class': 'StaticMeshActor', 'location': [0, 0, 0], 'rotation': [0, 0, 0], 'scale': [1, 1, 1]}, {'name': 'StaticMeshActor_424', 'class': 'StaticMeshActor', 'location': [0, 0, 0], 'rotation': [0, 0, 0], 'scale': [1, 1, 1]}, {'name': 'StaticMeshActor_425', 'class': 'StaticMeshActor', 'location': [0, 0, 0], 'rotation': [0, 0, 0], 'scale': [1, 1, 1]}, {'name': 'StaticMeshActor_426', 'class': 'StaticMeshActor', 'location': [0, 0, 0], 'rotation': [0, 0, 0], 'scale': [1, 1, 1]}, {'name': 'StaticMeshActor_427', 'class': 'StaticMeshActor', 'location': [0, 0, 0], 'rotation': [0, 0, 0], 'scale': [1, 1, 1]}, {'name': 'StaticMeshActor_428', 'class': 'StaticMeshActor', 'location': [0, 0, 0], 'rotation': [0, 0, 0], 'scale': [1, 1, 1]}, {'name': 'StaticMeshActor_429', 'class': 'StaticMeshActor', 'location': [0, 0, 0], 'rotation': [0, 0, 0], 'scale': [1, 1, 1]}, {'name': 'StaticMeshActor_430', 'class': 'StaticMeshActor', 'location': [0, 0, 0], 'rotation': [0, 0, 0], 'scale': [1, 1, 1]}, {'name': 'StaticMeshActor_431', 'class': 'StaticMeshActor', 'location': [0, 0, 0], 'rotation': [0, 0, 0], 'scale': [1, 1, 1]}, {'name': 'StaticMeshActor_432', 'class': 'StaticMeshActor', 'location': [0, 0, 0], 'rotation': [0, 0, 0], 'scale': [1, 1, 1]}, {'name': 'StaticMeshActor_433', 'class': 'StaticMeshActor', 'location': [0, 0, 0], 'rotation': [0, 0, 0], 'scale': [1, 1, 1]}, {'name': 'StaticMeshActor_434', 'class': 'StaticMeshActor', 'location': [0, 0, 0], 'rotation': [0, 0, 0], 'scale': [1, 1, 1]}, {'name': 'StaticMeshActor_435', 'class': 'StaticMeshActor', 'location': [0, 0, 0], 'rotation': [0, 0, 0], 'scale': [1, 1, 1]}, {'name': 'StaticMeshActor_436', 'class': 'StaticMeshActor', 'location': [0, 0, 0], 'rotation': [0, 0, 0], 'scale': [1, 1, 1]}, {'name': 'StaticMeshActor_437', 'class': 'StaticMeshActor', 'location': [0, 0, 0], 'rotation': [0, 0, 0], 'scale': [1, 1, 1]}, {'name': 'StaticMeshActor_438', 'class': 'StaticMeshActor', 'location': [0, 0, 0], 'rotation': [0, 0, 0], 'scale': [1, 1, 1]}, {'name': 'StaticMeshActor_439', 'class': 'StaticMeshActor', 'location': [0, 0, 0], 'rotation': [0, 0, 0], 'scale': [1, 1, 1]}, {'name': 'StaticMeshActor_440', 'class': 'StaticMeshActor', 'location': [0, 0, 0], 'rotation': [0, 0, 0], 'scale': [1, 1, 1]}, {'name': 'StaticMeshActor_441', 'class': 'StaticMeshActor', 'location': [0, 0, 0], 'rotation': [0, 0, 0], 'scale': [1, 1, 1]}, {'name': 'StaticMeshActor_442', 'class': 'StaticMeshActor', 'location': [0, 0, 0], 'rotation': [0, 0, 0], 'scale': [1, 1, 1]}, {'name': 'StaticMeshActor_443', 'class': 'StaticMeshActor', 'location': [0, 0, 0], 'rotation': [0, 0, 0], 'scale': [1, 1, 1]}, {'name': 'StaticMeshActor_444', 'class': 'StaticMeshActor', 'location': [0, 0, 0], 'rotation': [0, 0, 0], 'scale': [1, 1, 1]}, {'name': 'StaticMeshActor_445', 'class': 'StaticMeshActor', 'location': [0, 0, 0], 'rotation': [0, 0, 0], 'scale': [1, 1, 1]}, {'name': 'StaticMeshActor_446', 'class': 'StaticMeshActor', 'location': [0, 0, 0], 'rotation': [0, 0, 0], 'scale': [1, 1, 1]}, {'name': 'StaticMeshActor_447', 'class': 'StaticMeshActor', 'location': [0, 0, 0], 'rotation': [0, 0, 0], 'scale': [1, 1, 1]}, {'name': 'StaticMeshActor_448', 'class': 'StaticMeshActor', 'location': [0, 0, 0], 'rotation': [0, 0, 0], 'scale': [1, 1, 1]}, {'name': 'StaticMeshActor_449', 'class': 'StaticMeshActor', 'location': [0, 0, 0], 'rotation': [0, 0, 0], 'scale': [1, 1, 1]}, {'name': 'StaticMeshActor_450', 'class': 'StaticMeshActor', 'location': [0, 0, 0], 'rotation': [0, 0, 0], 'scale': [1, 1, 1]}, {'name': 'StaticMeshActor_451', 'class': 'StaticMeshActor', 'location': [0, 0, 0], 'rotation': [0, 0, 0], 'scale': [1, 1, 1]}, {'name': 'StaticMeshActor_452', 'class': 'StaticMeshActor', 'location': [0, 0, 0], 'rotation': [0, 0, 0], 'scale': [1, 1, 1]}, {'name': 'StaticMeshActor_453', 'class': 'StaticMeshActor', 'location': [0, 0, 0], 'rotation': [0, 0, 0], 'scale': [1, 1, 1]}, {'name': 'StaticMeshActor_454', 'class': 'StaticMeshActor', 'location': [0, 0, 0], 'rotation': [0, 0, 0], 'scale': [1, 1, 1]}, {'name': 'StaticMeshActor_455', 'class': 'StaticMeshActor', 'location': [0, 0, 0], 'rotation': [0, 0, 0], 'scale': [1, 1, 1]}, {'name': 'StaticMeshActor_456', 'class': 'StaticMeshActor', 'location': [0, 0, 0], 'rotation': [0, 0, 0], 'scale': [1, 1, 1]}, {'name': 'StaticMeshActor_457', 'class': 'StaticMeshActor', 'location': [0, 0, 0], 'rotation': [0, 0, 0], 'scale': [1, 1, 1]}, {'name': 'StaticMeshActor_458', 'class': 'StaticMeshActor', 'location': [0, 0, 0], 'rotation': [0, 0, 0], 'scale': [1, 1, 1]}, {'name': 'StaticMeshActor_459', 'class': 'StaticMeshActor', 'location': [0, 0, 0], 'rotation': [0, 0, 0], 'scale': [1, 1, 1]}, {'name': 'StaticMeshActor_460', 'class': 'StaticMeshActor', 'location': [0, 0, 0], 'rotation': [0, 0, 0], 'scale': [1, 1, 1]}, {'name': 'StaticMeshActor_461', 'class': 'StaticMeshActor', 'location': [0, 0, 0], 'rotation': [0, 0, 0], 'scale': [1, 1, 1]}, {'name': 'StaticMeshActor_462', 'class': 'StaticMeshActor', 'location': [0, 0, 0], 'rotation': [0, 0, 0], 'scale': [1, 1, 1]}, {'name': 'StaticMeshActor_463', 'class': 'StaticMeshActor', 'location': [0, 0, 0], 'rotation': [0, 0, 0], 'scale': [1, 1, 1]}, {'name': 'StaticMeshActor_464', 'class': 'StaticMeshActor', 'location': [0, 0, 0], 'rotation': [0, 0, 0], 'scale': [1, 1, 1]}, {'name': 'StaticMeshActor_465', 'class': 'StaticMeshActor', 'location': [0, 0, 0], 'rotation': [0, 0, 0], 'scale': [1, 1, 1]}, {'name': 'StaticMeshActor_466', 'class': 'StaticMeshActor', 'location': [0, 0, 0], 'rotation': [0, 0, 0], 'scale': [1, 1, 1]}, {'name': 'StaticMeshActor_467', 'class': 'StaticMeshActor', 'location': [0, 0, 0], 'rotation': [0, 0, 0], 'scale': [1, 1, 1]}, {'name': 'StaticMeshActor_468', 'class': 'StaticMeshActor', 'location': [0, 0, 0], 'rotation': [0, 0, 0], 'scale': [1, 1, 1]}, {'name': 'StaticMeshActor_469', 'class': 'StaticMeshActor', 'location': [0, 0, 0], 'rotation': [0, 0, 0], 'scale': [1, 1, 1]}, {'name': 'StaticMeshActor_470', 'class': 'StaticMeshActor', 'location': [0, 0, 0], 'rotation': [0, 0, 0], 'scale': [1, 1, 1]}, {'name': 'StaticMeshActor_471', 'class': 'StaticMeshActor', 'location': [0, 0, 0], 'rotation': [0, 0, 0], 'scale': [1, 1, 1]}, {'name': 'StaticMeshActor_472', 'class': 'StaticMeshActor', 'location': [0, 0, 0], 'rotation': [0, 0, 0], 'scale': [1, 1, 1]}, {'name': 'StaticMeshActor_473', 'class': 'StaticMeshActor', 'location': [0, 0, 0], 'rotation': [0, 0, 0], 'scale': [1, 1, 1]}, {'name': 'StaticMeshActor_474', 'class': 'StaticMeshActor', 'location': [0, 0, 0], 'rotation': [0, 0, 0], 'scale': [1, 1, 1]}, {'name': 'StaticMeshActor_475', 'class': 'StaticMeshActor', 'location': [0, 0, 0], 'rotation': [0, 0, 0], 'scale': [1, 1, 1]}, {'name': 'StaticMeshActor_476', 'class': 'StaticMeshActor', 'location': [0, 0, 0], 'rotation': [0, 0, 0], 'scale': [1, 1, 1]}, {'name': 'StaticMeshActor_477', 'class': 'StaticMeshActor', 'location': [0, 0, 0], 'rotation': [0, 0, 0], 'scale': [1, 1, 1]}, {'name': 'StaticMeshActor_478', 'class': 'StaticMeshActor', 'location': [0, 0, 0], 'rotation': [0, 0, 0], 'scale': [1, 1, 1]}, {'name': 'StaticMeshActor_479', 'class': 'StaticMeshActor', 'location': [0, 0, 0], 'rotation': [0, 0, 0], 'scale': [1, 1, 1]}, {'name': 'StaticMeshActor_480', 'class': 'StaticMeshActor', 'location': [0, 0, 0], 'rotation': [0, 0, 0], 'scale': [1, 1, 1]}, {'name': 'StaticMeshActor_481', 'class': 'StaticMeshActor', 'location': [0, 0, 0], 'rotation': [0, 0, 0], 'scale': [1, 1, 1]}, {'name': 'StaticMeshActor_482', 'class': 'StaticMeshActor', 'location': [0, 0, 0], 'rotation': [0, 0, 0], 'scale': [1, 1, 1]}, {'name': 'StaticMeshActor_483', 'class': 'StaticMeshActor', 'location': [0, 0, 0], 'rotation': [0, 0, 0], 'scale': [1, 1, 1]}, {'name': 'StaticMeshActor_484', 'class': 'StaticMeshActor', 'location': [0, 0, 0], 'rotation': [0, 0, 0], 'scale': [1, 1, 1]}, {'name': 'StaticMeshActor_485', 'class': 'StaticMeshActor', 'location': [0, 0, 0], 'rotation': [0, 0, 0], 'scale': [1, 1, 1]}, {'name': 'StaticMeshActor_486', 'class': 'StaticMeshActor', 'location': [0, 0, 0], 'rotation': [0, 0, 0], 'scale': [1, 1, 1]}, {'name': 'StaticMeshActor_487', 'class': 'StaticMeshActor', 'location': [0, 0, 0], 'rotation': [0, 0, 0], 'scale': [1, 1, 1]}, {'name': 'StaticMeshActor_488', 'class': 'StaticMeshActor', 'location': [0, 0, 0], 'rotation': [0, 0, 0], 'scale': [1, 1, 1]}, {'name': 'StaticMeshActor_489', 'class': 'StaticMeshActor', 'location': [0, 0, 0], 'rotation': [0, 0, 0], 'scale': [1, 1, 1]}, {'name': 'StaticMeshActor_490', 'class': 'StaticMeshActor', 'location': [0, 0, 0], 'rotation': [0, 0, 0], 'scale': [1, 1, 1]}, {'name': 'StaticMeshActor_491', 'class': 'StaticMeshActor', 'location': [0, 0, 0], 'rotation': [0, 0, 0], 'scale': [1, 1, 1]}, {'name': 'StaticMeshActor_492', 'class': 'StaticMeshActor', 'location': [0, 0, 0], 'rotation': [0, 0, 0], 'scale': [1, 1, 1]}, {'name': 'StaticMeshActor_493', 'class': 'StaticMeshActor', 'location': [0, 0, 0], 'rotation': [0, 0, 0], 'scale': [1, 1, 1]}, {'name': 'StaticMeshActor_494', 'class': 'StaticMeshActor', 'location': [0, 0, 0], 'rotation': [0, 0, 0], 'scale': [1, 1, 1]}, {'name': 'StaticMeshActor_495', 'class': 'StaticMeshActor', 'location': [0, 0, 0], 'rotation': [0, 0, 0], 'scale': [1, 1, 1]}, {'name': 'StaticMeshActor_496', 'class': 'StaticMeshActor', 'location': [0, 0, 0], 'rotation': [0, 0, 0], 'scale': [1, 1, 1]}, {'name': 'StaticMeshActor_497', 'class': 'StaticMeshActor', 'location': [0, 0, 0], 'rotation': [0, 0, 0], 'scale': [1, 1, 1]}, {'name': 'StaticMeshActor_498', 'class': 'StaticMeshActor', 'location': [0, 0, 0], 'rotation': [0, 0, 0], 'scale': [1, 1, 1]}, {'name': 'StaticMeshActor_499', 'class': 'StaticMeshActor', 'location': [0, 0, 0], 'rotation': [0, 0, 0], 'scale': [1, 1, 1]}, {'name': 'StaticMeshActor_500', 'class': 'StaticMeshActor', 'location': [0, 0, 0], 'rotation': [0, 0, 0], 'scale': [1, 1, 1]}, {'name': 'StaticMeshActor_501', 'class': 'StaticMeshActor', 'location': [0, 0, 0], 'rotation': [0, 0, 0], 'scale': [1, 1, 1]}, {'name': 'StaticMeshActor_502', 'class': 'StaticMeshActor', 'location': [0, 0, 0], 'rotation': [0, 0, 0], 'scale': [1, 1, 1]}, {'name': 'StaticMeshActor_503', 'class': 'StaticMeshActor', 'location': [0, 0, 0], 'rotation': [0, 0, 0], 'scale': [1, 1, 1]}, {'name': 'StaticMeshActor_504', 'class': 'StaticMeshActor', 'location': [0, 0, 0], 'rotation': [0, 0, 0], 'scale': [1, 1, 1]}, {'name': 'StaticMeshActor_505', 'class': 'StaticMeshActor', 'location': [0, 0, 0], 'rotation': [0, 0, 0], 'scale': [1, 1, 1]}, {'name': 'StaticMeshActor_506', 'class': 'StaticMeshActor', 'location': [0, 0, 0], 'rotation': [0, 0, 0], 'scale': [1, 1, 1]}, {'name': 'StaticMeshActor_507', 'class': 'StaticMeshActor', 'location': [0, 0, 0], 'rotation': [0, 0, 0], 'scale': [1, 1, 1]}, {'name': 'StaticMeshActor_508', 'class': 'StaticMeshActor', 'location': [0, 0, 0], 'rotation': [0, 0, 0], 'scale': [1, 1, 1]}, {'name': 'StaticMeshActor_509', 'class': 'StaticMeshActor', 'location': [0, 0, 0], 'rotation': [0, 0, 0], 'scale': [1, 1, 1]}, {'name': 'StaticMeshActor_510', 'class': 'StaticMeshActor', 'location': [0, 0, 0], 'rotation': [0, 0, 0], 'scale': [1, 1, 1]}, {'name': 'StaticMeshActor_511', 'class': 'StaticMeshActor', 'location': [0, 0, 0], 'rotation': [0, 0, 0], 'scale': [1, 1, 1]}, {'name': 'StaticMeshActor_512', 'class': 'StaticMeshActor', 'location': [0, 0, 0], 'rotation': [0, 0, 0], 'scale': [1, 1, 1]}, {'name': 'StaticMeshActor_513', 'class': 'StaticMeshActor', 'location': [0, 0, 0], 'rotation': [0, 0, 0], 'scale': [1, 1, 1]}, {'name': 'StaticMeshActor_514', 'class': 'StaticMeshActor', 'location': [0, 0, 0], 'rotation': [0, 0, 0], 'scale': [1, 1, 1]}, {'name': 'StaticMeshActor_515', 'class': 'StaticMeshActor', 'location': [0, 0, 0], 'rotation': [0, 0, 0], 'scale': [1, 1, 1]}, {'name': 'StaticMeshActor_516', 'class': 'StaticMeshActor', 'location': [0, 0, 0], 'rotation': [0, 0, 0], 'scale': [1, 1, 1]}, {'name': 'StaticMeshActor_517', 'class': 'StaticMeshActor', 'location': [0, 0, 0], 'rotation': [0, 0, 0], 'scale': [1, 1, 1]}, {'name': 'StaticMeshActor_518', 'class': 'StaticMeshActor', 'location': [0, 0, 0], 'rotation': [0, 0, 0], 'scale': [1, 1, 1]}, {'name': 'StaticMeshActor_519', 'class': 'StaticMeshActor', 'location': [0, 0, 0], 'rotation': [0, 0, 0], 'scale': [1, 1, 1]}, {'name': 'StaticMeshActor_520', 'class': 'StaticMeshActor', 'location': [0, 0, 0], 'rotation': [0, 0, 0], 'scale': [1, 1, 1]}, {'name': 'StaticMeshActor_521', 'class': 'StaticMeshActor', 'location': [0, 0, 0], 'rotation': [0, 0, 0], 'scale': [1, 1, 1]}, {'name': 'StaticMeshActor_522', 'class': 'StaticMeshActor', 'location': [0, 0, 0], 'rotation': [0, 0, 0], 'scale': [1, 1, 1]}, {'name': 'StaticMeshActor_523', 'class': 'StaticMeshActor', 'location': [0, 0, 0], 'rotation': [0, 0, 0], 'scale': [1, 1, 1]}, {'name': 'StaticMeshActor_524', 'class': 'StaticMeshActor', 'location': [0, 0, 0], 'rotation': [0, 0, 0], 'scale': [1, 1, 1]}, {'name': 'StaticMeshActor_525', 'class': 'StaticMeshActor', 'location': [0, 0, 0], 'rotation': [0, 0, 0], 'scale': [1, 1, 1]}, {'name': 'StaticMeshActor_526', 'class': 'StaticMeshActor', 'location': [0, 0, 0], 'rotation': [0, 0, 0], 'scale': [1, 1, 1]}, {'name': 'StaticMeshActor_527', 'class': 'StaticMeshActor', 'location': [0, 0, 0], 'rotation': [0, 0, 0], 'scale': [1, 1, 1]}, {'name': 'StaticMeshActor_528', 'class': 'StaticMeshActor', 'location': [0, 0, 0], 'rotation': [0, 0, 0], 'scale': [1, 1, 1]}, {'name': 'StaticMeshActor_529', 'class': 'StaticMeshActor', 'location': [0, 0, 0], 'rotation': [0, 0, 0], 'scale': [1, 1, 1]}, {'name': 'StaticMeshActor_530', 'class': 'StaticMeshActor', 'location': [0, 0, 0], 'rotation': [0, 0, 0], 'scale': [1, 1, 1]}, {'name': 'StaticMeshActor_531', 'class': 'StaticMeshActor', 'location': [0, 0, 0], 'rotation': [0, 0, 0], 'scale': [1, 1, 1]}, {'name': 'StaticMeshActor_532', 'class': 'StaticMeshActor', 'location': [0, 0, 0], 'rotation': [0, 0, 0], 'scale': [1, 1, 1]}, {'name': 'StaticMeshActor_533', 'class': 'StaticMeshActor', 'location': [0, 0, 0], 'rotation': [0, 0, 0], 'scale': [1, 1, 1]}, {'name': 'StaticMeshActor_534', 'class': 'StaticMeshActor', 'location': [0, 0, 0], 'rotation': [0, 0, 0], 'scale': [1, 1, 1]}, {'name': 'StaticMeshActor_535', 'class': 'StaticMeshActor', 'location': [0, 0, 0], 'rotation': [0, 0, 0], 'scale': [1, 1, 1]}, {'name': 'StaticMeshActor_536', 'class': 'StaticMeshActor', 'location': [0, 0, 0], 'rotation': [0, 0, 0], 'scale': [1, 1, 1]}, {'name': 'StaticMeshActor_537', 'class': 'StaticMeshActor', 'location': [0, 0, 0], 'rotation': [0, 0, 0], 'scale': [1, 1, 1]}, {'name': 'StaticMeshActor_538', 'class': 'StaticMeshActor', 'location': [0, 0, 0], 'rotation': [0, 0, 0], 'scale': [1, 1, 1]}, {'name': 'StaticMeshActor_539', 'class': 'StaticMeshActor', 'location': [0, 0, 0], 'rotation': [0, 0, 0], 'scale': [1, 1, 1]}, {'name': 'StaticMeshActor_540', 'class': 'StaticMeshActor', 'location': [0, 0, 0], 'rotation': [0, 0, 0], 'scale': [1, 1, 1]}, {'name': 'StaticMeshActor_541', 'class': 'StaticMeshActor', 'location': [0, 0, 0], 'rotation': [0, 0, 0], 'scale': [1, 1, 1]}, {'name': 'StaticMeshActor_542', 'class': 'StaticMeshActor', 'location': [0, 0, 0], 'rotation': [0, 0, 0], 'scale': [1, 1, 1]}, {'name': 'StaticMeshActor_543', 'class': 'StaticMeshActor', 'location': [0, 0, 0], 'rotation': [0, 0, 0], 'scale': [1, 1, 1]}, {'name': 'StaticMeshActor_544', 'class': 'StaticMeshActor', 'location': [0, 0, 0], 'rotation': [0, 0, 0], 'scale': [1, 1, 1]}, {'name': 'StaticMeshActor_545', 'class': 'StaticMeshActor', 'location': [0, 0, 0], 'rotation': [0, 0, 0], 'scale': [1, 1, 1]}, {'name': 'StaticMeshActor_546', 'class': 'StaticMeshActor', 'location': [0, 0, 0], 'rotation': [0, 0, 0], 'scale': [1, 1, 1]}, {'name': 'StaticMeshActor_547', 'class': 'StaticMeshActor', 'location': [0, 0, 0], 'rotation': [0, 0, 0], 'scale': [1, 1, 1]}, {'name': 'StaticMeshActor_548', 'class': 'StaticMeshActor', 'location': [0, 0, 0], 'rotation': [0, 0, 0], 'scale': [1, 1, 1]}, {'name': 'StaticMeshActor_549', 'class': 'StaticMeshActor', 'location': [0, 0, 0], 'rotation': [0, 0, 0], 'scale': [1, 1, 1]}, {'name': 'StaticMeshActor_550', 'class': 'StaticMeshActor', 'location': [0, 0, 0], 'rotation': [0, 0, 0], 'scale': [1, 1, 1]}, {'name': 'StaticMeshActor_551', 'class': 'StaticMeshActor', 'location': [0, 0, 0], 'rotation': [0, 0, 0], 'scale': [1, 1, 1]}, {'name': 'StaticMeshActor_552', 'class': 'StaticMeshActor', 'location': [0, 0, 0], 'rotation': [0, 0, 0], 'scale': [1, 1, 1]}, {'name': 'StaticMeshActor_553', 'class': 'StaticMeshActor', 'location': [0, 0, 0], 'rotation': [0, 0, 0], 'scale': [1, 1, 1]}, {'name': 'StaticMeshActor_554', 'class': 'StaticMeshActor', 'location': [0, 0, 0], 'rotation': [0, 0, 0], 'scale': [1, 1, 1]}, {'name': 'StaticMeshActor_555', 'class': 'StaticMeshActor', 'location': [0, 0, 0], 'rotation': [0, 0, 0], 'scale': [1, 1, 1]}, {'name': 'StaticMeshActor_556', 'class': 'StaticMeshActor', 'location': [0, 0, 0], 'rotation': [0, 0, 0], 'scale': [1, 1, 1]}, {'name': 'StaticMeshActor_557', 'class': 'StaticMeshActor', 'location': [0, 0, 0], 'rotation': [0, 0, 0], 'scale': [1, 1, 1]}, {'name': 'StaticMeshActor_558', 'class': 'StaticMeshActor', 'location': [0, 0, 0], 'rotation': [0, 0, 0], 'scale': [1, 1, 1]}, {'name': 'StaticMeshActor_559', 'class': 'StaticMeshActor', 'location': [0, 0, 0], 'rotation': [0, 0, 0], 'scale': [1, 1, 1]}, {'name': 'StaticMeshActor_560', 'class': 'StaticMeshActor', 'location': [0, 0, 0], 'rotation': [0, 0, 0], 'scale': [1, 1, 1]}, {'name': 'StaticMeshActor_561', 'class': 'StaticMeshActor', 'location': [0, 0, 0], 'rotation': [0, 0, 0], 'scale': [1, 1, 1]}, {'name': 'StaticMeshActor_562', 'class': 'StaticMeshActor', 'location': [0, 0, 0], 'rotation': [0, 0, 0], 'scale': [1, 1, 1]}, {'name': 'StaticMeshActor_563', 'class': 'StaticMeshActor', 'location': [0, 0, 0], 'rotation': [0, 0, 0], 'scale': [1, 1, 1]}, {'name': 'StaticMeshActor_564', 'class': 'StaticMeshActor', 'location': [0, 0, 0], 'rotation': [0, 0, 0], 'scale': [1, 1, 1]}, {'name': 'StaticMeshActor_565', 'class': 'StaticMeshActor', 'location': [0, 0, 0], 'rotation': [0, 0, 0], 'scale': [1, 1, 1]}, {'name': 'StaticMeshActor_566', 'class': 'StaticMeshActor', 'location': [0, 0, 0], 'rotation': [0, 0, 0], 'scale': [1, 1, 1]}, {'name': 'StaticMeshActor_567', 'class': 'StaticMeshActor', 'location': [0, 0, 0], 'rotation': [0, 0, 0], 'scale': [1, 1, 1]}, {'name': 'StaticMeshActor_568', 'class': 'StaticMeshActor', 'location': [0, 0, 0], 'rotation': [0, 0, 0], 'scale': [1, 1, 1]}, {'name': 'StaticMeshActor_569', 'class': 'StaticMeshActor', 'location': [0, 0, 0], 'rotation': [0, 0, 0], 'scale': [1, 1, 1]}, {'name': 'StaticMeshActor_570', 'class': 'StaticMeshActor', 'location': [0, 0, 0], 'rotation': [0, 0, 0], 'scale': [1, 1, 1]}, {'name': 'StaticMeshActor_571', 'class': 'StaticMeshActor', 'location': [0, 0, 0], 'rotation': [0, 0, 0], 'scale': [1, 1, 1]}, {'name': 'StaticMeshActor_572', 'class': 'StaticMeshActor', 'location': [0, 0, 0], 'rotation': [0, 0, 0], 'scale': [1, 1, 1]}, {'name': 'StaticMeshActor_573', 'class': 'StaticMeshActor', 'location': [0, 0, 0], 'rotation': [0, 0, 0], 'scale': [1, 1, 1]}, {'name': 'StaticMeshActor_574', 'class': 'StaticMeshActor', 'location': [0, 0, 0], 'rotation': [0, 0, 0], 'scale': [1, 1, 1]}, {'name': 'StaticMeshActor_575', 'class': 'StaticMeshActor', 'location': [0, 0, 0], 'rotation': [0, 0, 0], 'scale': [1, 1, 1]}, {'name': 'StaticMeshActor_576', 'class': 'StaticMeshActor', 'location': [0, 0, 0], 'rotation': [0, 0, 0], 'scale': [1, 1, 1]}, {'name': 'StaticMeshActor_577', 'class': 'StaticMeshActor', 'location': [0, 0, 0], 'rotation': [0, 0, 0], 'scale': [1, 1, 1]}, {'name': 'StaticMeshActor_578', 'class': 'StaticMeshActor', 'location': [0, 0, 0], 'rotation': [0, 0, 0], 'scale': [1, 1, 1]}, {'name': 'StaticMeshActor_579', 'class': 'StaticMeshActor', 'location': [0, 0, 0], 'rotation': [0, 0, 0], 'scale': [1, 1, 1]}, {'name': 'StaticMeshActor_580', 'class': 'StaticMeshActor', 'location': [0, 0, 0], 'rotation': [0, 0, 0], 'scale': [1, 1, 1]}, {'name': 'StaticMeshActor_581', 'class': 'StaticMeshActor', 'location': [0, 0, 0], 'rotation': [0, 0, 0], 'scale': [1, 1, 1]}, {'name': 'StaticMeshActor_582', 'class': 'StaticMeshActor', 'location': [0, 0, 0], 'rotation': [0, 0, 0], 'scale': [1, 1, 1]}, {'name': 'StaticMeshActor_583', 'class': 'StaticMeshActor', 'location': [0, 0, 0], 'rotation': [0, 0, 0], 'scale': [1, 1, 1]}, {'name': 'StaticMeshActor_584', 'class': 'StaticMeshActor', 'location': [0, 0, 0], 'rotation': [0, 0, 0], 'scale': [1, 1, 1]}, {'name': 'StaticMeshActor_585', 'class': 'StaticMeshActor', 'location': [0, 0, 0], 'rotation': [0, 0, 0], 'scale': [1, 1, 1]}, {'name': 'StaticMeshActor_586', 'class': 'StaticMeshActor', 'location': [0, 0, 0], 'rotation': [0, 0, 0], 'scale': [1, 1, 1]}, {'name': 'StaticMeshActor_587', 'class': 'StaticMeshActor', 'location': [0, 0, 0], 'rotation': [0, 0, 0], 'scale': [1, 1, 1]}, {'name': 'StaticMeshActor_588', 'class': 'StaticMeshActor', 'location': [0, 0, 0], 'rotation': [0, 0, 0], 'scale': [1, 1, 1]}, {'name': 'StaticMeshActor_589', 'class': 'StaticMeshActor', 'location': [0, 0, 0], 'rotation': [0, 0, 0], 'scale': [1, 1, 1]}, {'name': 'StaticMeshActor_590', 'class': 'StaticMeshActor', 'location': [0, 0, 0], 'rotation': [0, 0, 0], 'scale': [1, 1, 1]}, {'name': 'StaticMeshActor_591', 'class': 'StaticMeshActor', 'location': [0, 0, 0], 'rotation': [0, 0, 0], 'scale': [1, 1, 1]}, {'name': 'BP_DREnemySpawnGroup_Room4_C_1', 'class': 'BP_DREnemySpawnGroup_Room4_C', 'location': [3626.774413039759, -2964.635753492862, 97.20347855483442], 'rotation': [0, 0, 0], 'scale': [1, 1, 1]}, {'name': 'BP_DREnemySpawnGroup_Room5_C_1', 'class': 'BP_DREnemySpawnGroup_Room5_C', 'location': [-3580.9400365880824, -3185.2339214354115, -15.227017798182715], 'rotation': [0, 0, 0], 'scale': [1, 1, 1]}, {'name': 'BP_DRBGMActor_C_1', 'class': 'BP_DRBGMActor_C', 'location': [193.11592346122097, -4251.3407427920265, 2201.1450670763943], 'rotation': [0, 0, 0], 'scale': [1, 1, 1]}, {'name': 'BP_DRDoorManager_Stage1_C_1', 'class': 'BP_DRDoorManager_Stage1_C', 'location': [84.45606863315096, -5220.746005382762, 1217.5368141420647], 'rotation': [0, 0, 0], 'scale': [1, 1, 1]}, {'name': 'BP_WaterSource_C_1', 'class': 'BP_WaterSource_C', 'location': [1526.443354053056, -2406.655157424242, 24.99996149966546], 'rotation': [0, 0, 0], 'scale': [1, 1, 1]}, {'name': 'BP_WaterSource_C_3', 'class': 'BP_WaterSource_C', 'location': [-1467.8461744439066, -2400.2153973960158, 24.999991840455436], 'rotation': [0, 0, 0], 'scale': [1, 1, 1]}, {'name': 'BP_WaterSource_C_5', 'class': 'BP_WaterSource_C', 'location': [-3967.309343945666, -2571.3356074171743, -127.392005581675], 'rotation': [0, 0, 0], 'scale': [1, 1, 1]}, {'name': 'BP_WaterSource_C_7', 'class': 'BP_WaterSource_C', 'location': [3869.825476345355, -2560.966746272101, -127.39261504721924], 'rotation': [0, 0, 0], 'scale': [1, 1, 1]}, {'name': 'BP_Dog_WithPart_C_1', 'class': 'BP_Dog_WithPart_C', 'location': [3726.71538792078, -5149.273404881928, 87.25465309149888], 'rotation': [0, 0, 0], 'scale': [1, 1, 1]}, {'name': 'BP_Dog_WithPart_C_3', 'class': 'BP_Dog_WithPart_C', 'location': [3320.9855653406253, -5274.912819905995, 125.9275212058298], 'rotation': [0, 0, 0], 'scale': [1, 1, 1]}, {'name': 'BP_Dog_WithPart_C_5', 'class': 'BP_Dog_WithPart_C', 'location': [4122.493168894209, -3228.578991190394, -24.7598500836188], 'rotation': [0, 0, 0], 'scale': [1, 1, 1]}, {'name': 'BP_DRDragonFly_Part_C_1', 'class': 'BP_DRDragonFly_Part_C', 'location': [3482.6003577084903, -2994.3211865958115, 336.0819230968409], 'rotation': [0, 0, 0], 'scale': [1, 1, 1]}, {'name': 'BP_DRDragonFly_Part_C_3', 'class': 'BP_DRDragonFly_Part_C', 'location': [-3371.6273159519505, -3010.6347455584514, 196.0417582207025], 'rotation': [0, 0, 0], 'scale': [1, 1, 1]}, {'name': 'BP_Dog_WithPart_C_7', 'class': 'BP_Dog_WithPart_C', 'location': [-3287.398974239643, -5469.91841740222, 269.3973530766708], 'rotation': [0, 0, 0], 'scale': [1, 1, 1]}, {'name': 'BP_Dog_WithPart_C_9', 'class': 'BP_Dog_WithPart_C', 'location': [-3692.7913678300274, -5282.369753412318, 263.42643920300316], 'rotation': [0, 0, 0], 'scale': [1, 1, 1]}, {'name': 'BP_Dog_WithPart_C_11', 'class': 'BP_Dog_WithPart_C', 'location': [-2988.447674025313, -3714.6978224211903, 34.6391920702614], 'rotation': [0, 0, 0], 'scale': [1, 1, 1]}, {'name': 'BP_DRArmadillo_Phase1_C_1', 'class': 'BP_DRArmadillo_Phase1_C', 'location': [3572.5446401491636, -3696.77557914371, 53.10282720205953], 'rotation': [0, 0, 0], 'scale': [1, 1, 1]}, {'name': 'BP_DRArmadillo_Phase1_C_3', 'class': 'BP_DRArmadillo_Phase1_C', 'location': [-3391.6431568945777, -3511.1590975550134, 78.50967886045015], 'rotation': [0, 0, 0], 'scale': [1, 1, 1]}, {'name': 'BP_DRAutoSlidingDoor_C_1', 'class': 'BP_DRAutoSlidingDoor_C', 'location': [0, 0, 0], 'rotation': [0, 0, 0], 'scale': [1, 1, 1]}, {'name': 'BP_DRCleanserSite_C_1', 'class': 'BP_DRCleanserSite_C', 'location': [-2.1278076758335374e-05, -3179.632680792984, 86.65958214635066], 'rotation': [0, 0, 0], 'scale': [1, 1, 1]}, {'name': 'BP_DRBreakableDoor_Room1to2_C_1', 'class': 'BP_DRBreakableDoor_Room1to2_C', 'location': [0, 0, 0], 'rotation': [0, 0, 0], 'scale': [1, 1, 1]}, {'name': 'BP_DRBreakableDoor_Room6to4_C_1', 'class': 'BP_DRBreakableDoor_Room6to4_C', 'location': [0, 0, 0], 'rotation': [0, 0, 0], 'scale': [1, 1, 1]}, {'name': 'BP_DRBreakableDoor_Room6to5_C_1', 'class': 'BP_DRBreakableDoor_Room6to5_C', 'location': [0, 0, 0], 'rotation': [0, 0, 0], 'scale': [1, 1, 1]}, {'name': 'BP_DRBreakableDoor_Room1to3_C_1', 'class': 'BP_DRBreakableDoor_Room1to3_C', 'location': [0, 0, 0], 'rotation': [0, 0, 0], 'scale': [1, 1, 1]}, {'name': 'DefaultPhysicsVolume_0', 'class': 'DefaultPhysicsVolume', 'location': [0, 0, 0], 'rotation': [0, 0, 0], 'scale': [1, 1, 1]}, {'name': 'GameplayDebuggerPlayerManager_0', 'class': 'GameplayDebuggerPlayerManager', 'location': [0, 0, 0], 'rotation': [0, 0, 0], 'scale': [1, 1, 1]}, {'name': 'ChaosDebugDrawActor', 'class': 'Actor', 'location': [0, 0, 0], 'rotation': [0, 0, 0], 'scale': [1, 1, 1]}, {'name': 'AbstractNavData-Default', 'class': 'AbstractNavData', 'location': [0, 0, 0], 'rotation': [0, 0, 0], 'scale': [1, 1, 1]}]}}
2026-07-09 20:36:45,607 - UnrealMCP - INFO - [editor_tools.py:40] - Found 459 actors in level
2026-07-09 20:36:45,618 - mcp.server.lowlevel.server - DEBUG - [server.py:572] - Response sent
2026-07-09 20:39:11,166 - mcp.server.lowlevel.server - DEBUG - [server.py:491] - Received message: <mcp.shared.session.RequestResponder object at 0x000001AA3DBBA470>
2026-07-09 20:39:11,167 - mcp.server.lowlevel.server - INFO - [server.py:534] - Processing request of type CallToolRequest
2026-07-09 20:39:11,167 - mcp.server.lowlevel.server - DEBUG - [server.py:537] - Dispatching request of type CallToolRequest
2026-07-09 20:39:11,167 - UnrealMCP - WARNING - [unreal_mcp_server.py:222] - Existing connection failed: 'NoneType' object has no attribute 'sendall'
2026-07-09 20:39:11,167 - UnrealMCP - INFO - [unreal_mcp_server.py:49] - Connecting to Unreal at 127.0.0.1:55557...
2026-07-09 20:39:11,167 - UnrealMCP - INFO - [unreal_mcp_server.py:63] - Connected to Unreal Engine
2026-07-09 20:39:11,167 - UnrealMCP - INFO - [unreal_mcp_server.py:231] - Successfully reconnected to Unreal Engine
2026-07-09 20:39:11,167 - UnrealMCP - INFO - [unreal_mcp_server.py:49] - Connecting to Unreal at 127.0.0.1:55557...
2026-07-09 20:39:11,188 - UnrealMCP - INFO - [unreal_mcp_server.py:63] - Connected to Unreal Engine
2026-07-09 20:39:11,189 - UnrealMCP - INFO - [unreal_mcp_server.py:151] - Sending command: {"type": "get_actor_properties", "params": {"name": "BP_DREnemySpawnGroup_Room4_C_1"}}
2026-07-09 20:39:11,372 - UnrealMCP - INFO - [unreal_mcp_server.py:101] - Received complete response (267 bytes)
2026-07-09 20:39:11,372 - UnrealMCP - INFO - [unreal_mcp_server.py:159] - Complete response from Unreal: {'status': 'success', 'result': {'name': 'BP_DREnemySpawnGroup_Room4_C_1', 'class': 'BP_DREnemySpawnGroup_Room4_C', 'location': [3626.774413039759, -2964.635753492862, 97.20347855483442], 'rotation': [0, 0, 0], 'scale': [1, 1, 1]}}
2026-07-09 20:39:11,372 - mcp.server.lowlevel.server - DEBUG - [server.py:572] - Response sent
2026-07-09 20:39:18,158 - mcp.server.lowlevel.server - DEBUG - [server.py:491] - Received message: <mcp.shared.session.RequestResponder object at 0x000001AA3D9A7250>
2026-07-09 20:39:18,158 - mcp.server.lowlevel.server - INFO - [server.py:534] - Processing request of type CallToolRequest
2026-07-09 20:39:18,158 - mcp.server.lowlevel.server - DEBUG - [server.py:537] - Dispatching request of type CallToolRequest
2026-07-09 20:39:18,158 - UnrealMCP - WARNING - [unreal_mcp_server.py:222] - Existing connection failed: 'NoneType' object has no attribute 'sendall'
2026-07-09 20:39:18,158 - UnrealMCP - INFO - [unreal_mcp_server.py:49] - Connecting to Unreal at 127.0.0.1:55557...
2026-07-09 20:39:18,159 - UnrealMCP - INFO - [unreal_mcp_server.py:63] - Connected to Unreal Engine
2026-07-09 20:39:18,159 - UnrealMCP - INFO - [unreal_mcp_server.py:231] - Successfully reconnected to Unreal Engine
2026-07-09 20:39:18,159 - UnrealMCP - INFO - [unreal_mcp_server.py:49] - Connecting to Unreal at 127.0.0.1:55557...
2026-07-09 20:39:18,159 - UnrealMCP - INFO - [unreal_mcp_server.py:63] - Connected to Unreal Engine
2026-07-09 20:39:18,159 - UnrealMCP - INFO - [unreal_mcp_server.py:151] - Sending command: {"type": "get_actor_properties", "params": {"name": "BP_Dog_WithPart_C_1"}}
2026-07-09 20:39:18,373 - UnrealMCP - INFO - [unreal_mcp_server.py:101] - Received complete response (246 bytes)
2026-07-09 20:39:18,373 - UnrealMCP - INFO - [unreal_mcp_server.py:159] - Complete response from Unreal: {'status': 'success', 'result': {'name': 'BP_Dog_WithPart_C_1', 'class': 'BP_Dog_WithPart_C', 'location': [3726.71538792078, -5149.273404881928, 87.25465309149888], 'rotation': [0, 0, 0], 'scale': [1, 1, 1]}}
2026-07-09 20:39:18,373 - mcp.server.lowlevel.server - DEBUG - [server.py:572] - Response sent
2026-07-09 21:00:26,780 - UnrealMCP - INFO - [unreal_mcp_server.py:259] - Unreal MCP server shut down
2026-07-10 15:41:15,302 - mcp.server.lowlevel.server - DEBUG - [server.py:145] - Initializing server 'UnrealMCP'
2026-07-10 15:41:15,303 - mcp.server.lowlevel.server - DEBUG - [server.py:384] - Registering handler for ListToolsRequest
2026-07-10 15:41:15,303 - mcp.server.lowlevel.server - DEBUG - [server.py:406] - Registering handler for CallToolRequest
2026-07-10 15:41:15,303 - mcp.server.lowlevel.server - DEBUG - [server.py:252] - Registering handler for ListResourcesRequest
2026-07-10 15:41:15,303 - mcp.server.lowlevel.server - DEBUG - [server.py:286] - Registering handler for ReadResourceRequest
2026-07-10 15:41:15,303 - mcp.server.lowlevel.server - DEBUG - [server.py:222] - Registering handler for PromptListRequest
2026-07-10 15:41:15,303 - mcp.server.lowlevel.server - DEBUG - [server.py:239] - Registering handler for GetPromptRequest
2026-07-10 15:41:15,303 - mcp.server.lowlevel.server - DEBUG - [server.py:267] - Registering handler for ListResourceTemplatesRequest
2026-07-10 15:41:15,411 - UnrealMCP - INFO - [editor_tools.py:369] - Editor tools registered successfully
2026-07-10 15:41:15,418 - UnrealMCP - INFO - [blueprint_tools.py:420] - Blueprint tools registered successfully
2026-07-10 15:41:15,428 - UnrealMCP - INFO - [node_tools.py:430] - Blueprint node tools registered successfully
2026-07-10 15:41:15,430 - UnrealMCP - INFO - [project_tools.py:64] - Project tools registered successfully
2026-07-10 15:41:15,436 - UnrealMCP - INFO - [umg_tools.py:333] - UMG tools registered successfully
2026-07-10 15:41:15,438 - UnrealMCP - INFO - [unreal_mcp_server.py:376] - Starting MCP server with stdio transport
2026-07-10 15:41:15,456 - asyncio - DEBUG - [proactor_events.py:631] - Using proactor: IocpProactor
2026-07-10 15:41:15,460 - UnrealMCP - INFO - [unreal_mcp_server.py:242] - UnrealMCP server starting up
2026-07-10 15:41:15,460 - UnrealMCP - INFO - [unreal_mcp_server.py:49] - Connecting to Unreal at 127.0.0.1:55557...
2026-07-10 15:41:17,483 - UnrealMCP - ERROR - [unreal_mcp_server.py:67] - Failed to connect to Unreal: [WinError 10061] 대상 컴퓨터에서 연결을 거부했으므로 연결하지 못했습니다
2026-07-10 15:41:17,487 - UnrealMCP - WARNING - [unreal_mcp_server.py:213] - Could not connect to Unreal Engine
2026-07-10 15:41:17,487 - UnrealMCP - WARNING - [unreal_mcp_server.py:248] - Could not connect to Unreal Engine on startup
2026-07-10 15:41:17,497 - mcp.server.lowlevel.server - DEBUG - [server.py:491] - Received message: root=InitializedNotification(method='notifications/initialized', params=None, jsonrpc='2.0')
2026-07-10 15:41:17,498 - mcp.server.lowlevel.server - DEBUG - [server.py:491] - Received message: <mcp.shared.session.RequestResponder object at 0x0000028F47268E10>
2026-07-10 15:41:17,498 - mcp.server.lowlevel.server - INFO - [server.py:534] - Processing request of type ListToolsRequest
2026-07-10 15:41:17,498 - mcp.server.lowlevel.server - DEBUG - [server.py:537] - Dispatching request of type ListToolsRequest
2026-07-10 15:41:17,500 - mcp.server.lowlevel.server - DEBUG - [server.py:572] - Response sent
2026-07-10 15:41:17,502 - mcp.server.lowlevel.server - DEBUG - [server.py:491] - Received message: <mcp.shared.session.RequestResponder object at 0x0000028F47268CD0>
2026-07-10 15:41:17,503 - mcp.server.lowlevel.server - INFO - [server.py:534] - Processing request of type ListPromptsRequest
2026-07-10 15:41:17,503 - mcp.server.lowlevel.server - DEBUG - [server.py:537] - Dispatching request of type ListPromptsRequest
2026-07-10 15:41:17,503 - mcp.server.lowlevel.server - DEBUG - [server.py:491] - Received message: <mcp.shared.session.RequestResponder object at 0x0000028F4708E3F0>
2026-07-10 15:41:17,503 - mcp.server.lowlevel.server - INFO - [server.py:534] - Processing request of type ListResourcesRequest
2026-07-10 15:41:17,503 - mcp.server.lowlevel.server - DEBUG - [server.py:537] - Dispatching request of type ListResourcesRequest
2026-07-10 15:41:17,503 - mcp.server.fastmcp.resources.resource_manager - DEBUG - [resource_manager.py:89] - Listing resources
2026-07-10 15:41:17,504 - mcp.server.lowlevel.server - DEBUG - [server.py:572] - Response sent
2026-07-10 15:41:17,504 - mcp.server.lowlevel.server - DEBUG - [server.py:572] - Response sent
2026-07-10 16:26:38,623 - UnrealMCP - INFO - [unreal_mcp_server.py:259] - Unreal MCP server shut down
2026-07-11 23:40:17,398 - mcp.server.lowlevel.server - DEBUG - [server.py:145] - Initializing server 'UnrealMCP'
2026-07-11 23:40:17,398 - mcp.server.lowlevel.server - DEBUG - [server.py:384] - Registering handler for ListToolsRequest
2026-07-11 23:40:17,398 - mcp.server.lowlevel.server - DEBUG - [server.py:406] - Registering handler for CallToolRequest
2026-07-11 23:40:17,398 - mcp.server.lowlevel.server - DEBUG - [server.py:252] - Registering handler for ListResourcesRequest
2026-07-11 23:40:17,398 - mcp.server.lowlevel.server - DEBUG - [server.py:286] - Registering handler for ReadResourceRequest
2026-07-11 23:40:17,398 - mcp.server.lowlevel.server - DEBUG - [server.py:222] - Registering handler for PromptListRequest
2026-07-11 23:40:17,398 - mcp.server.lowlevel.server - DEBUG - [server.py:239] - Registering handler for GetPromptRequest
2026-07-11 23:40:17,399 - mcp.server.lowlevel.server - DEBUG - [server.py:267] - Registering handler for ListResourceTemplatesRequest
2026-07-11 23:40:17,422 - UnrealMCP - INFO - [editor_tools.py:369] - Editor tools registered successfully
2026-07-11 23:40:17,430 - UnrealMCP - INFO - [blueprint_tools.py:420] - Blueprint tools registered successfully
2026-07-11 23:40:17,440 - UnrealMCP - INFO - [node_tools.py:430] - Blueprint node tools registered successfully
2026-07-11 23:40:17,441 - UnrealMCP - INFO - [project_tools.py:64] - Project tools registered successfully
2026-07-11 23:40:17,449 - UnrealMCP - INFO - [umg_tools.py:333] - UMG tools registered successfully
2026-07-11 23:40:17,450 - UnrealMCP - INFO - [unreal_mcp_server.py:376] - Starting MCP server with stdio transport
2026-07-11 23:40:17,457 - asyncio - DEBUG - [proactor_events.py:631] - Using proactor: IocpProactor
2026-07-11 23:40:17,461 - UnrealMCP - INFO - [unreal_mcp_server.py:242] - UnrealMCP server starting up
2026-07-11 23:40:17,461 - UnrealMCP - INFO - [unreal_mcp_server.py:49] - Connecting to Unreal at 127.0.0.1:55557...
2026-07-11 23:40:19,490 - UnrealMCP - ERROR - [unreal_mcp_server.py:67] - Failed to connect to Unreal: [WinError 10061] 대상 컴퓨터에서 연결을 거부했으므로 연결하지 못했습니다
2026-07-11 23:40:19,491 - UnrealMCP - WARNING - [unreal_mcp_server.py:213] - Could not connect to Unreal Engine
2026-07-11 23:40:19,491 - UnrealMCP - WARNING - [unreal_mcp_server.py:248] - Could not connect to Unreal Engine on startup
2026-07-11 23:40:19,501 - mcp.server.lowlevel.server - DEBUG - [server.py:491] - Received message: root=InitializedNotification(method='notifications/initialized', params=None, jsonrpc='2.0')
2026-07-11 23:40:19,502 - mcp.server.lowlevel.server - DEBUG - [server.py:491] - Received message: <mcp.shared.session.RequestResponder object at 0x0000015FFD4D4E10>
2026-07-11 23:40:19,502 - mcp.server.lowlevel.server - INFO - [server.py:534] - Processing request of type ListToolsRequest
2026-07-11 23:40:19,502 - mcp.server.lowlevel.server - DEBUG - [server.py:537] - Dispatching request of type ListToolsRequest
2026-07-11 23:40:19,504 - mcp.server.lowlevel.server - DEBUG - [server.py:572] - Response sent
2026-07-11 23:40:19,506 - mcp.server.lowlevel.server - DEBUG - [server.py:491] - Received message: <mcp.shared.session.RequestResponder object at 0x0000015FFD4D4CD0>
2026-07-11 23:40:19,506 - mcp.server.lowlevel.server - INFO - [server.py:534] - Processing request of type ListPromptsRequest
2026-07-11 23:40:19,506 - mcp.server.lowlevel.server - DEBUG - [server.py:537] - Dispatching request of type ListPromptsRequest
2026-07-11 23:40:19,506 - mcp.server.lowlevel.server - DEBUG - [server.py:491] - Received message: <mcp.shared.session.RequestResponder object at 0x0000015FFD2FA3F0>
2026-07-11 23:40:19,507 - mcp.server.lowlevel.server - INFO - [server.py:534] - Processing request of type ListResourcesRequest
2026-07-11 23:40:19,507 - mcp.server.lowlevel.server - DEBUG - [server.py:537] - Dispatching request of type ListResourcesRequest
2026-07-11 23:40:19,507 - mcp.server.fastmcp.resources.resource_manager - DEBUG - [resource_manager.py:89] - Listing resources
2026-07-11 23:40:19,507 - mcp.server.lowlevel.server - DEBUG - [server.py:572] - Response sent
2026-07-11 23:40:19,508 - mcp.server.lowlevel.server - DEBUG - [server.py:572] - Response sent
2026-07-12 00:29:48,154 - UnrealMCP - INFO - [unreal_mcp_server.py:259] - Unreal MCP server shut down
2026-07-13 18:20:52,340 - mcp.server.lowlevel.server - DEBUG - [server.py:145] - Initializing server 'UnrealMCP'
2026-07-13 18:20:52,340 - mcp.server.lowlevel.server - DEBUG - [server.py:384] - Registering handler for ListToolsRequest
2026-07-13 18:20:52,340 - mcp.server.lowlevel.server - DEBUG - [server.py:406] - Registering handler for CallToolRequest
2026-07-13 18:20:52,340 - mcp.server.lowlevel.server - DEBUG - [server.py:252] - Registering handler for ListResourcesRequest
2026-07-13 18:20:52,340 - mcp.server.lowlevel.server - DEBUG - [server.py:286] - Registering handler for ReadResourceRequest
2026-07-13 18:20:52,340 - mcp.server.lowlevel.server - DEBUG - [server.py:222] - Registering handler for PromptListRequest
2026-07-13 18:20:52,340 - mcp.server.lowlevel.server - DEBUG - [server.py:239] - Registering handler for GetPromptRequest
2026-07-13 18:20:52,340 - mcp.server.lowlevel.server - DEBUG - [server.py:267] - Registering handler for ListResourceTemplatesRequest
2026-07-13 18:20:52,357 - UnrealMCP - INFO - [editor_tools.py:369] - Editor tools registered successfully
2026-07-13 18:20:52,363 - UnrealMCP - INFO - [blueprint_tools.py:420] - Blueprint tools registered successfully
2026-07-13 18:20:52,370 - UnrealMCP - INFO - [node_tools.py:430] - Blueprint node tools registered successfully
2026-07-13 18:20:52,371 - UnrealMCP - INFO - [project_tools.py:64] - Project tools registered successfully
2026-07-13 18:20:52,377 - UnrealMCP - INFO - [umg_tools.py:333] - UMG tools registered successfully
2026-07-13 18:20:52,378 - UnrealMCP - INFO - [unreal_mcp_server.py:376] - Starting MCP server with stdio transport
2026-07-13 18:20:52,383 - asyncio - DEBUG - [proactor_events.py:631] - Using proactor: IocpProactor
2026-07-13 18:20:52,386 - UnrealMCP - INFO - [unreal_mcp_server.py:242] - UnrealMCP server starting up
2026-07-13 18:20:52,386 - UnrealMCP - INFO - [unreal_mcp_server.py:49] - Connecting to Unreal at 127.0.0.1:55557...
2026-07-13 18:20:54,403 - UnrealMCP - ERROR - [unreal_mcp_server.py:67] - Failed to connect to Unreal: [WinError 10061] 대상 컴퓨터에서 연결을 거부했으므로 연결하지 못했습니다
2026-07-13 18:20:54,404 - UnrealMCP - WARNING - [unreal_mcp_server.py:213] - Could not connect to Unreal Engine
2026-07-13 18:20:54,404 - UnrealMCP - WARNING - [unreal_mcp_server.py:248] - Could not connect to Unreal Engine on startup
2026-07-13 18:20:54,411 - mcp.server.lowlevel.server - DEBUG - [server.py:491] - Received message: root=InitializedNotification(method='notifications/initialized', params=None, jsonrpc='2.0')
2026-07-13 18:20:54,411 - mcp.server.lowlevel.server - DEBUG - [server.py:491] - Received message: <mcp.shared.session.RequestResponder object at 0x0000018BE6AE4E10>
2026-07-13 18:20:54,411 - mcp.server.lowlevel.server - INFO - [server.py:534] - Processing request of type ListToolsRequest
2026-07-13 18:20:54,411 - mcp.server.lowlevel.server - DEBUG - [server.py:537] - Dispatching request of type ListToolsRequest
2026-07-13 18:20:54,414 - mcp.server.lowlevel.server - DEBUG - [server.py:572] - Response sent
2026-07-13 18:20:54,415 - mcp.server.lowlevel.server - DEBUG - [server.py:491] - Received message: <mcp.shared.session.RequestResponder object at 0x0000018BE6AE4CD0>
2026-07-13 18:20:54,415 - mcp.server.lowlevel.server - INFO - [server.py:534] - Processing request of type ListPromptsRequest
2026-07-13 18:20:54,415 - mcp.server.lowlevel.server - DEBUG - [server.py:537] - Dispatching request of type ListPromptsRequest
2026-07-13 18:20:54,416 - mcp.server.lowlevel.server - DEBUG - [server.py:491] - Received message: <mcp.shared.session.RequestResponder object at 0x0000018BE690E3F0>
2026-07-13 18:20:54,416 - mcp.server.lowlevel.server - INFO - [server.py:534] - Processing request of type ListResourcesRequest
2026-07-13 18:20:54,416 - mcp.server.lowlevel.server - DEBUG - [server.py:537] - Dispatching request of type ListResourcesRequest
2026-07-13 18:20:54,416 - mcp.server.fastmcp.resources.resource_manager - DEBUG - [resource_manager.py:89] - Listing resources
2026-07-13 18:20:54,417 - mcp.server.lowlevel.server - DEBUG - [server.py:572] - Response sent
2026-07-13 18:20:54,417 - mcp.server.lowlevel.server - DEBUG - [server.py:572] - Response sent
2026-07-13 20:01:59,684 - UnrealMCP - INFO - [unreal_mcp_server.py:259] - Unreal MCP server shut down
2026-07-14 13:10:24,544 - mcp.server.lowlevel.server - DEBUG - [server.py:145] - Initializing server 'UnrealMCP'
2026-07-14 13:10:24,544 - mcp.server.lowlevel.server - DEBUG - [server.py:384] - Registering handler for ListToolsRequest
2026-07-14 13:10:24,544 - mcp.server.lowlevel.server - DEBUG - [server.py:406] - Registering handler for CallToolRequest
2026-07-14 13:10:24,544 - mcp.server.lowlevel.server - DEBUG - [server.py:252] - Registering handler for ListResourcesRequest
2026-07-14 13:10:24,544 - mcp.server.lowlevel.server - DEBUG - [server.py:286] - Registering handler for ReadResourceRequest
2026-07-14 13:10:24,545 - mcp.server.lowlevel.server - DEBUG - [server.py:222] - Registering handler for PromptListRequest
2026-07-14 13:10:24,545 - mcp.server.lowlevel.server - DEBUG - [server.py:239] - Registering handler for GetPromptRequest
2026-07-14 13:10:24,545 - mcp.server.lowlevel.server - DEBUG - [server.py:267] - Registering handler for ListResourceTemplatesRequest
2026-07-14 13:10:24,561 - UnrealMCP - INFO - [editor_tools.py:369] - Editor tools registered successfully
2026-07-14 13:10:24,569 - UnrealMCP - INFO - [blueprint_tools.py:420] - Blueprint tools registered successfully
2026-07-14 13:10:24,580 - UnrealMCP - INFO - [node_tools.py:430] - Blueprint node tools registered successfully
2026-07-14 13:10:24,581 - UnrealMCP - INFO - [project_tools.py:64] - Project tools registered successfully
2026-07-14 13:10:24,588 - UnrealMCP - INFO - [umg_tools.py:333] - UMG tools registered successfully
2026-07-14 13:10:24,589 - UnrealMCP - INFO - [unreal_mcp_server.py:376] - Starting MCP server with stdio transport
2026-07-14 13:10:24,595 - asyncio - DEBUG - [proactor_events.py:631] - Using proactor: IocpProactor
2026-07-14 13:10:24,598 - UnrealMCP - INFO - [unreal_mcp_server.py:242] - UnrealMCP server starting up
2026-07-14 13:10:24,598 - UnrealMCP - INFO - [unreal_mcp_server.py:49] - Connecting to Unreal at 127.0.0.1:55557...
2026-07-14 13:10:26,631 - UnrealMCP - ERROR - [unreal_mcp_server.py:67] - Failed to connect to Unreal: [WinError 10061] 대상 컴퓨터에서 연결을 거부했으므로 연결하지 못했습니다
2026-07-14 13:10:26,633 - UnrealMCP - WARNING - [unreal_mcp_server.py:213] - Could not connect to Unreal Engine
2026-07-14 13:10:26,633 - UnrealMCP - WARNING - [unreal_mcp_server.py:248] - Could not connect to Unreal Engine on startup
2026-07-14 13:10:26,641 - mcp.server.lowlevel.server - DEBUG - [server.py:491] - Received message: root=InitializedNotification(method='notifications/initialized', params=None, jsonrpc='2.0')
2026-07-14 13:10:26,641 - mcp.server.lowlevel.server - DEBUG - [server.py:491] - Received message: <mcp.shared.session.RequestResponder object at 0x000001C211C34E10>
2026-07-14 13:10:26,641 - mcp.server.lowlevel.server - INFO - [server.py:534] - Processing request of type ListToolsRequest
2026-07-14 13:10:26,641 - mcp.server.lowlevel.server - DEBUG - [server.py:537] - Dispatching request of type ListToolsRequest
2026-07-14 13:10:26,644 - mcp.server.lowlevel.server - DEBUG - [server.py:572] - Response sent
2026-07-14 13:10:26,644 - mcp.server.lowlevel.server - DEBUG - [server.py:491] - Received message: <mcp.shared.session.RequestResponder object at 0x000001C211C34CD0>
2026-07-14 13:10:26,645 - mcp.server.lowlevel.server - INFO - [server.py:534] - Processing request of type ListPromptsRequest
2026-07-14 13:10:26,645 - mcp.server.lowlevel.server - DEBUG - [server.py:537] - Dispatching request of type ListPromptsRequest
2026-07-14 13:10:26,645 - mcp.server.lowlevel.server - DEBUG - [server.py:491] - Received message: <mcp.shared.session.RequestResponder object at 0x000001C211A5E3F0>
2026-07-14 13:10:26,645 - mcp.server.lowlevel.server - INFO - [server.py:534] - Processing request of type ListResourcesRequest
2026-07-14 13:10:26,645 - mcp.server.lowlevel.server - DEBUG - [server.py:537] - Dispatching request of type ListResourcesRequest
2026-07-14 13:10:26,645 - mcp.server.fastmcp.resources.resource_manager - DEBUG - [resource_manager.py:89] - Listing resources
2026-07-14 13:10:26,646 - mcp.server.lowlevel.server - DEBUG - [server.py:572] - Response sent
2026-07-14 13:10:26,646 - mcp.server.lowlevel.server - DEBUG - [server.py:572] - Response sent
2026-07-14 16:07:24,748 - mcp.server.lowlevel.server - DEBUG - [server.py:491] - Received message: <mcp.shared.session.RequestResponder object at 0x000001C211A5E9E0>
2026-07-14 16:07:24,751 - mcp.server.lowlevel.server - INFO - [server.py:534] - Processing request of type CallToolRequest
2026-07-14 16:07:24,751 - mcp.server.lowlevel.server - DEBUG - [server.py:537] - Dispatching request of type CallToolRequest
2026-07-14 16:07:24,771 - mcp.server.lowlevel.server - DEBUG - [server.py:145] - Initializing server 'UnrealMCP'
2026-07-14 16:07:24,771 - mcp.server.lowlevel.server - DEBUG - [server.py:384] - Registering handler for ListToolsRequest
2026-07-14 16:07:24,771 - mcp.server.lowlevel.server - DEBUG - [server.py:406] - Registering handler for CallToolRequest
2026-07-14 16:07:24,771 - mcp.server.lowlevel.server - DEBUG - [server.py:252] - Registering handler for ListResourcesRequest
2026-07-14 16:07:24,771 - mcp.server.lowlevel.server - DEBUG - [server.py:286] - Registering handler for ReadResourceRequest
2026-07-14 16:07:24,771 - mcp.server.lowlevel.server - DEBUG - [server.py:222] - Registering handler for PromptListRequest
2026-07-14 16:07:24,771 - mcp.server.lowlevel.server - DEBUG - [server.py:239] - Registering handler for GetPromptRequest
2026-07-14 16:07:24,771 - mcp.server.lowlevel.server - DEBUG - [server.py:267] - Registering handler for ListResourceTemplatesRequest
2026-07-14 16:07:24,785 - UnrealMCP - INFO - [editor_tools.py:369] - Editor tools registered successfully
2026-07-14 16:07:24,792 - UnrealMCP - INFO - [blueprint_tools.py:420] - Blueprint tools registered successfully
2026-07-14 16:07:24,798 - UnrealMCP - INFO - [node_tools.py:430] - Blueprint node tools registered successfully
2026-07-14 16:07:24,799 - UnrealMCP - INFO - [project_tools.py:64] - Project tools registered successfully
2026-07-14 16:07:24,805 - UnrealMCP - INFO - [umg_tools.py:333] - UMG tools registered successfully
2026-07-14 16:07:24,805 - UnrealMCP - INFO - [unreal_mcp_server.py:49] - Connecting to Unreal at 127.0.0.1:55557...
2026-07-14 16:07:24,806 - UnrealMCP - INFO - [unreal_mcp_server.py:63] - Connected to Unreal Engine
2026-07-14 16:07:24,806 - UnrealMCP - INFO - [node_tools.py:415] - Finding nodes in blueprint 'ABP_Gardener'
2026-07-14 16:07:24,806 - UnrealMCP - INFO - [unreal_mcp_server.py:49] - Connecting to Unreal at 127.0.0.1:55557...
2026-07-14 16:07:24,807 - UnrealMCP - INFO - [unreal_mcp_server.py:63] - Connected to Unreal Engine
2026-07-14 16:07:24,807 - UnrealMCP - INFO - [unreal_mcp_server.py:151] - Sending command: {"type": "find_blueprint_nodes", "params": {"blueprint_name": "ABP_Gardener", "node_type": null, "event_type": null}}
2026-07-14 16:07:25,091 - UnrealMCP - INFO - [unreal_mcp_server.py:101] - Received complete response (68 bytes)
2026-07-14 16:07:25,092 - UnrealMCP - INFO - [unreal_mcp_server.py:159] - Complete response from Unreal: {'status': 'error', 'error': "Missing 'node_type' parameter"}
2026-07-14 16:07:25,092 - UnrealMCP - ERROR - [unreal_mcp_server.py:164] - Unreal error (status=error): Missing 'node_type' parameter
2026-07-14 16:07:25,092 - UnrealMCP - INFO - [node_tools.py:422] - Node find response: {'status': 'error', 'error': "Missing 'node_type' parameter"}
2026-07-14 16:07:25,093 - mcp.server.lowlevel.server - DEBUG - [server.py:572] - Response sent
2026-07-14 16:07:29,066 - mcp.server.lowlevel.server - DEBUG - [server.py:491] - Received message: <mcp.shared.session.RequestResponder object at 0x000001C211B2AC30>
2026-07-14 16:07:29,066 - mcp.server.lowlevel.server - INFO - [server.py:534] - Processing request of type CallToolRequest
2026-07-14 16:07:29,066 - mcp.server.lowlevel.server - DEBUG - [server.py:537] - Dispatching request of type CallToolRequest
2026-07-14 16:07:29,066 - UnrealMCP - WARNING - [unreal_mcp_server.py:222] - Existing connection failed: 'NoneType' object has no attribute 'sendall'
2026-07-14 16:07:29,066 - UnrealMCP - INFO - [unreal_mcp_server.py:49] - Connecting to Unreal at 127.0.0.1:55557...
2026-07-14 16:07:29,084 - UnrealMCP - INFO - [unreal_mcp_server.py:63] - Connected to Unreal Engine
2026-07-14 16:07:29,084 - UnrealMCP - INFO - [unreal_mcp_server.py:231] - Successfully reconnected to Unreal Engine
2026-07-14 16:07:29,084 - UnrealMCP - INFO - [node_tools.py:415] - Finding nodes in blueprint 'ABP_Gardener'
2026-07-14 16:07:29,084 - UnrealMCP - INFO - [unreal_mcp_server.py:49] - Connecting to Unreal at 127.0.0.1:55557...
2026-07-14 16:07:29,085 - UnrealMCP - INFO - [unreal_mcp_server.py:63] - Connected to Unreal Engine
2026-07-14 16:07:29,085 - UnrealMCP - INFO - [unreal_mcp_server.py:151] - Sending command: {"type": "find_blueprint_nodes", "params": {"blueprint_name": "ABP_Gardener", "node_type": "Event", "event_type": null}}
2026-07-14 16:07:29,432 - UnrealMCP - INFO - [unreal_mcp_server.py:101] - Received complete response (72 bytes)
2026-07-14 16:07:29,432 - UnrealMCP - INFO - [unreal_mcp_server.py:159] - Complete response from Unreal: {'status': 'error', 'error': 'Blueprint not found: ABP_Gardener'}
2026-07-14 16:07:29,432 - UnrealMCP - ERROR - [unreal_mcp_server.py:164] - Unreal error (status=error): Blueprint not found: ABP_Gardener
2026-07-14 16:07:29,432 - UnrealMCP - INFO - [node_tools.py:422] - Node find response: {'status': 'error', 'error': 'Blueprint not found: ABP_Gardener'}
2026-07-14 16:07:29,432 - mcp.server.lowlevel.server - DEBUG - [server.py:572] - Response sent
2026-07-14 16:07:33,812 - mcp.server.lowlevel.server - DEBUG - [server.py:491] - Received message: <mcp.shared.session.RequestResponder object at 0x000001C211A4AE00>
2026-07-14 16:07:33,812 - mcp.server.lowlevel.server - INFO - [server.py:534] - Processing request of type CallToolRequest
2026-07-14 16:07:33,812 - mcp.server.lowlevel.server - DEBUG - [server.py:537] - Dispatching request of type CallToolRequest
2026-07-14 16:07:33,812 - UnrealMCP - WARNING - [unreal_mcp_server.py:222] - Existing connection failed: 'NoneType' object has no attribute 'sendall'
2026-07-14 16:07:33,812 - UnrealMCP - INFO - [unreal_mcp_server.py:49] - Connecting to Unreal at 127.0.0.1:55557...
2026-07-14 16:07:33,831 - UnrealMCP - INFO - [unreal_mcp_server.py:63] - Connected to Unreal Engine
2026-07-14 16:07:33,831 - UnrealMCP - INFO - [unreal_mcp_server.py:231] - Successfully reconnected to Unreal Engine
2026-07-14 16:07:33,831 - UnrealMCP - INFO - [node_tools.py:415] - Finding nodes in blueprint '/Game/Blueprints/Character/PlayerCharacter/GardenRobot/ABP_Gardener'
2026-07-14 16:07:33,831 - UnrealMCP - INFO - [unreal_mcp_server.py:49] - Connecting to Unreal at 127.0.0.1:55557...
2026-07-14 16:07:33,846 - UnrealMCP - INFO - [unreal_mcp_server.py:63] - Connected to Unreal Engine
2026-07-14 16:07:33,846 - UnrealMCP - INFO - [unreal_mcp_server.py:151] - Sending command: {"type": "find_blueprint_nodes", "params": {"blueprint_name": "/Game/Blueprints/Character/PlayerCharacter/GardenRobot/ABP_Gardener", "node_type": "Event", "event_type": null}}
2026-07-14 16:07:37,333 - UnrealMCP - ERROR - [unreal_mcp_server.py:123] - Error during receive: [WinError 10054] 현재 연결은 원격 호스트에 의해 강제로 끊겼습니다
2026-07-14 16:07:37,333 - UnrealMCP - ERROR - [unreal_mcp_server.py:190] - Error sending command: [WinError 10054] 현재 연결은 원격 호스트에 의해 강제로 끊겼습니다
2026-07-14 16:07:37,334 - UnrealMCP - INFO - [node_tools.py:422] - Node find response: {'status': 'error', 'error': '[WinError 10054] 현재 연결은 원격 호스트에 의해 강제로 끊겼습니다'}
2026-07-14 16:07:37,334 - mcp.server.lowlevel.server - DEBUG - [server.py:572] - Response sent
2026-07-14 16:07:54,157 - mcp.server.lowlevel.server - DEBUG - [server.py:491] - Received message: <mcp.shared.session.RequestResponder object at 0x000001C211A4BBD0>
2026-07-14 16:07:54,157 - mcp.server.lowlevel.server - INFO - [server.py:534] - Processing request of type CallToolRequest
2026-07-14 16:07:54,157 - mcp.server.lowlevel.server - DEBUG - [server.py:537] - Dispatching request of type CallToolRequest
2026-07-14 16:07:54,158 - UnrealMCP - WARNING - [unreal_mcp_server.py:222] - Existing connection failed: 'NoneType' object has no attribute 'sendall'
2026-07-14 16:07:54,158 - UnrealMCP - INFO - [unreal_mcp_server.py:49] - Connecting to Unreal at 127.0.0.1:55557...
2026-07-14 16:07:56,198 - UnrealMCP - ERROR - [unreal_mcp_server.py:67] - Failed to connect to Unreal: [WinError 10061] 대상 컴퓨터에서 연결을 거부했으므로 연결하지 못했습니다
2026-07-14 16:07:56,198 - UnrealMCP - WARNING - [unreal_mcp_server.py:228] - Could not reconnect to Unreal Engine
2026-07-14 16:07:56,198 - UnrealMCP - ERROR - [node_tools.py:412] - Failed to connect to Unreal Engine
2026-07-14 16:07:56,199 - mcp.server.lowlevel.server - DEBUG - [server.py:572] - Response sent
2026-07-14 19:54:18,964 - mcp.server.lowlevel.server - DEBUG - [server.py:145] - Initializing server 'UnrealMCP'
2026-07-14 19:54:18,964 - mcp.server.lowlevel.server - DEBUG - [server.py:384] - Registering handler for ListToolsRequest
2026-07-14 19:54:18,964 - mcp.server.lowlevel.server - DEBUG - [server.py:406] - Registering handler for CallToolRequest
2026-07-14 19:54:18,964 - mcp.server.lowlevel.server - DEBUG - [server.py:252] - Registering handler for ListResourcesRequest
2026-07-14 19:54:18,964 - mcp.server.lowlevel.server - DEBUG - [server.py:286] - Registering handler for ReadResourceRequest
2026-07-14 19:54:18,964 - mcp.server.lowlevel.server - DEBUG - [server.py:222] - Registering handler for PromptListRequest
2026-07-14 19:54:18,964 - mcp.server.lowlevel.server - DEBUG - [server.py:239] - Registering handler for GetPromptRequest
2026-07-14 19:54:18,964 - mcp.server.lowlevel.server - DEBUG - [server.py:267] - Registering handler for ListResourceTemplatesRequest
2026-07-14 19:54:18,979 - UnrealMCP - INFO - [editor_tools.py:369] - Editor tools registered successfully
2026-07-14 19:54:18,985 - UnrealMCP - INFO - [blueprint_tools.py:420] - Blueprint tools registered successfully
2026-07-14 19:54:18,993 - UnrealMCP - INFO - [node_tools.py:430] - Blueprint node tools registered successfully
2026-07-14 19:54:18,994 - UnrealMCP - INFO - [project_tools.py:64] - Project tools registered successfully
2026-07-14 19:54:19,000 - UnrealMCP - INFO - [umg_tools.py:333] - UMG tools registered successfully
2026-07-14 19:54:19,000 - UnrealMCP - INFO - [unreal_mcp_server.py:376] - Starting MCP server with stdio transport
2026-07-14 19:54:19,005 - asyncio - DEBUG - [proactor_events.py:631] - Using proactor: IocpProactor
2026-07-14 19:54:19,007 - UnrealMCP - INFO - [unreal_mcp_server.py:242] - UnrealMCP server starting up
2026-07-14 19:54:19,008 - UnrealMCP - INFO - [unreal_mcp_server.py:49] - Connecting to Unreal at 127.0.0.1:55557...
2026-07-14 19:54:19,019 - UnrealMCP - INFO - [unreal_mcp_server.py:63] - Connected to Unreal Engine
2026-07-14 19:54:19,019 - UnrealMCP - INFO - [unreal_mcp_server.py:246] - Connected to Unreal Engine on startup
2026-07-14 19:54:19,025 - mcp.server.lowlevel.server - DEBUG - [server.py:491] - Received message: root=InitializedNotification(method='notifications/initialized', params=None, jsonrpc='2.0')
2026-07-14 19:54:19,025 - mcp.server.lowlevel.server - DEBUG - [server.py:491] - Received message: <mcp.shared.session.RequestResponder object at 0x00000230E7BC4E10>
2026-07-14 19:54:19,025 - mcp.server.lowlevel.server - INFO - [server.py:534] - Processing request of type ListToolsRequest
2026-07-14 19:54:19,025 - mcp.server.lowlevel.server - DEBUG - [server.py:537] - Dispatching request of type ListToolsRequest
2026-07-14 19:54:19,027 - mcp.server.lowlevel.server - DEBUG - [server.py:572] - Response sent
2026-07-14 19:54:19,028 - mcp.server.lowlevel.server - DEBUG - [server.py:491] - Received message: <mcp.shared.session.RequestResponder object at 0x00000230E7BC4CD0>
2026-07-14 19:54:19,028 - mcp.server.lowlevel.server - INFO - [server.py:534] - Processing request of type ListPromptsRequest
2026-07-14 19:54:19,028 - mcp.server.lowlevel.server - DEBUG - [server.py:537] - Dispatching request of type ListPromptsRequest
2026-07-14 19:54:19,029 - mcp.server.lowlevel.server - DEBUG - [server.py:491] - Received message: <mcp.shared.session.RequestResponder object at 0x00000230E79EE3F0>
2026-07-14 19:54:19,029 - mcp.server.lowlevel.server - INFO - [server.py:534] - Processing request of type ListResourcesRequest
2026-07-14 19:54:19,029 - mcp.server.lowlevel.server - DEBUG - [server.py:537] - Dispatching request of type ListResourcesRequest
2026-07-14 19:54:19,029 - mcp.server.fastmcp.resources.resource_manager - DEBUG - [resource_manager.py:89] - Listing resources
2026-07-14 19:54:19,029 - mcp.server.lowlevel.server - DEBUG - [server.py:572] - Response sent
2026-07-14 19:54:19,030 - mcp.server.lowlevel.server - DEBUG - [server.py:572] - Response sent
2026-07-14 22:19:34,538 - UnrealMCP - INFO - [unreal_mcp_server.py:259] - Unreal MCP server shut down
2026-07-15 18:02:12,568 - mcp.server.lowlevel.server - DEBUG - [server.py:145] - Initializing server 'UnrealMCP'
2026-07-15 18:02:12,568 - mcp.server.lowlevel.server - DEBUG - [server.py:384] - Registering handler for ListToolsRequest
2026-07-15 18:02:12,568 - mcp.server.lowlevel.server - DEBUG - [server.py:406] - Registering handler for CallToolRequest
2026-07-15 18:02:12,569 - mcp.server.lowlevel.server - DEBUG - [server.py:252] - Registering handler for ListResourcesRequest
2026-07-15 18:02:12,569 - mcp.server.lowlevel.server - DEBUG - [server.py:286] - Registering handler for ReadResourceRequest
2026-07-15 18:02:12,569 - mcp.server.lowlevel.server - DEBUG - [server.py:222] - Registering handler for PromptListRequest
2026-07-15 18:02:12,569 - mcp.server.lowlevel.server - DEBUG - [server.py:239] - Registering handler for GetPromptRequest
2026-07-15 18:02:12,569 - mcp.server.lowlevel.server - DEBUG - [server.py:267] - Registering handler for ListResourceTemplatesRequest
2026-07-15 18:02:12,589 - UnrealMCP - INFO - [editor_tools.py:369] - Editor tools registered successfully
2026-07-15 18:02:12,596 - UnrealMCP - INFO - [blueprint_tools.py:420] - Blueprint tools registered successfully
2026-07-15 18:02:12,606 - UnrealMCP - INFO - [node_tools.py:430] - Blueprint node tools registered successfully
2026-07-15 18:02:12,607 - UnrealMCP - INFO - [project_tools.py:64] - Project tools registered successfully
2026-07-15 18:02:12,613 - UnrealMCP - INFO - [umg_tools.py:333] - UMG tools registered successfully
2026-07-15 18:02:12,613 - UnrealMCP - INFO - [unreal_mcp_server.py:376] - Starting MCP server with stdio transport
2026-07-15 18:02:12,619 - asyncio - DEBUG - [proactor_events.py:631] - Using proactor: IocpProactor
2026-07-15 18:02:12,621 - UnrealMCP - INFO - [unreal_mcp_server.py:242] - UnrealMCP server starting up
2026-07-15 18:02:12,622 - UnrealMCP - INFO - [unreal_mcp_server.py:49] - Connecting to Unreal at 127.0.0.1:55557...
2026-07-15 18:02:14,648 - UnrealMCP - ERROR - [unreal_mcp_server.py:67] - Failed to connect to Unreal: [WinError 10061] 대상 컴퓨터에서 연결을 거부했으므로 연결하지 못했습니다
2026-07-15 18:02:14,649 - UnrealMCP - WARNING - [unreal_mcp_server.py:213] - Could not connect to Unreal Engine
2026-07-15 18:02:14,649 - UnrealMCP - WARNING - [unreal_mcp_server.py:248] - Could not connect to Unreal Engine on startup
2026-07-15 18:02:14,657 - mcp.server.lowlevel.server - DEBUG - [server.py:491] - Received message: root=InitializedNotification(method='notifications/initialized', params=None, jsonrpc='2.0')
2026-07-15 18:02:14,658 - mcp.server.lowlevel.server - DEBUG - [server.py:491] - Received message: <mcp.shared.session.RequestResponder object at 0x00000239D6B34E10>
2026-07-15 18:02:14,658 - mcp.server.lowlevel.server - INFO - [server.py:534] - Processing request of type ListToolsRequest
2026-07-15 18:02:14,658 - mcp.server.lowlevel.server - DEBUG - [server.py:537] - Dispatching request of type ListToolsRequest
2026-07-15 18:02:14,660 - mcp.server.lowlevel.server - DEBUG - [server.py:572] - Response sent
2026-07-15 18:02:14,662 - mcp.server.lowlevel.server - DEBUG - [server.py:491] - Received message: <mcp.shared.session.RequestResponder object at 0x00000239D6B34CD0>
2026-07-15 18:02:14,663 - mcp.server.lowlevel.server - INFO - [server.py:534] - Processing request of type ListPromptsRequest
2026-07-15 18:02:14,663 - mcp.server.lowlevel.server - DEBUG - [server.py:537] - Dispatching request of type ListPromptsRequest
2026-07-15 18:02:14,663 - mcp.server.lowlevel.server - DEBUG - [server.py:491] - Received message: <mcp.shared.session.RequestResponder object at 0x00000239D695A3F0>
2026-07-15 18:02:14,664 - mcp.server.lowlevel.server - INFO - [server.py:534] - Processing request of type ListResourcesRequest
2026-07-15 18:02:14,664 - mcp.server.lowlevel.server - DEBUG - [server.py:537] - Dispatching request of type ListResourcesRequest
2026-07-15 18:02:14,664 - mcp.server.fastmcp.resources.resource_manager - DEBUG - [resource_manager.py:89] - Listing resources
2026-07-15 18:02:14,665 - mcp.server.lowlevel.server - DEBUG - [server.py:572] - Response sent
2026-07-15 18:02:14,665 - mcp.server.lowlevel.server - DEBUG - [server.py:572] - Response sent
2026-07-15 18:05:34,888 - mcp.server.lowlevel.server - DEBUG - [server.py:145] - Initializing server 'UnrealMCP'
2026-07-15 18:05:34,889 - mcp.server.lowlevel.server - DEBUG - [server.py:384] - Registering handler for ListToolsRequest
2026-07-15 18:05:34,889 - mcp.server.lowlevel.server - DEBUG - [server.py:406] - Registering handler for CallToolRequest
2026-07-15 18:05:34,889 - mcp.server.lowlevel.server - DEBUG - [server.py:252] - Registering handler for ListResourcesRequest
2026-07-15 18:05:34,889 - mcp.server.lowlevel.server - DEBUG - [server.py:286] - Registering handler for ReadResourceRequest
2026-07-15 18:05:34,889 - mcp.server.lowlevel.server - DEBUG - [server.py:222] - Registering handler for PromptListRequest
2026-07-15 18:05:34,889 - mcp.server.lowlevel.server - DEBUG - [server.py:239] - Registering handler for GetPromptRequest
2026-07-15 18:05:34,889 - mcp.server.lowlevel.server - DEBUG - [server.py:267] - Registering handler for ListResourceTemplatesRequest
2026-07-15 18:05:34,902 - UnrealMCP - INFO - [editor_tools.py:369] - Editor tools registered successfully
2026-07-15 18:05:34,908 - UnrealMCP - INFO - [blueprint_tools.py:420] - Blueprint tools registered successfully
2026-07-15 18:05:34,916 - UnrealMCP - INFO - [node_tools.py:430] - Blueprint node tools registered successfully
2026-07-15 18:05:34,917 - UnrealMCP - INFO - [project_tools.py:64] - Project tools registered successfully
2026-07-15 18:05:34,922 - UnrealMCP - INFO - [umg_tools.py:333] - UMG tools registered successfully
2026-07-15 18:05:34,923 - UnrealMCP - INFO - [unreal_mcp_server.py:376] - Starting MCP server with stdio transport
2026-07-15 18:05:34,927 - asyncio - DEBUG - [proactor_events.py:631] - Using proactor: IocpProactor
2026-07-15 18:05:34,930 - UnrealMCP - INFO - [unreal_mcp_server.py:242] - UnrealMCP server starting up
2026-07-15 18:05:34,930 - UnrealMCP - INFO - [unreal_mcp_server.py:49] - Connecting to Unreal at 127.0.0.1:55557...
2026-07-15 18:05:36,968 - UnrealMCP - ERROR - [unreal_mcp_server.py:67] - Failed to connect to Unreal: [WinError 10061] 대상 컴퓨터에서 연결을 거부했으므로 연결하지 못했습니다
2026-07-15 18:05:36,968 - UnrealMCP - WARNING - [unreal_mcp_server.py:213] - Could not connect to Unreal Engine
2026-07-15 18:05:36,968 - UnrealMCP - WARNING - [unreal_mcp_server.py:248] - Could not connect to Unreal Engine on startup
2026-07-15 18:05:36,974 - mcp.server.lowlevel.server - DEBUG - [server.py:491] - Received message: root=InitializedNotification(method='notifications/initialized', params=None, jsonrpc='2.0')
2026-07-15 18:05:36,975 - mcp.server.lowlevel.server - DEBUG - [server.py:491] - Received message: <mcp.shared.session.RequestResponder object at 0x000002A27D8D4E10>
2026-07-15 18:05:36,975 - mcp.server.lowlevel.server - INFO - [server.py:534] - Processing request of type ListToolsRequest
2026-07-15 18:05:36,975 - mcp.server.lowlevel.server - DEBUG - [server.py:537] - Dispatching request of type ListToolsRequest
2026-07-15 18:05:36,977 - mcp.server.lowlevel.server - DEBUG - [server.py:572] - Response sent
2026-07-15 18:05:36,978 - mcp.server.lowlevel.server - DEBUG - [server.py:491] - Received message: <mcp.shared.session.RequestResponder object at 0x000002A27D8D4CD0>
2026-07-15 18:05:36,978 - mcp.server.lowlevel.server - INFO - [server.py:534] - Processing request of type ListPromptsRequest
2026-07-15 18:05:36,979 - mcp.server.lowlevel.server - DEBUG - [server.py:537] - Dispatching request of type ListPromptsRequest
2026-07-15 18:05:36,979 - mcp.server.lowlevel.server - DEBUG - [server.py:491] - Received message: <mcp.shared.session.RequestResponder object at 0x000002A27D6FE3F0>
2026-07-15 18:05:36,979 - mcp.server.lowlevel.server - INFO - [server.py:534] - Processing request of type ListResourcesRequest
2026-07-15 18:05:36,979 - mcp.server.lowlevel.server - DEBUG - [server.py:537] - Dispatching request of type ListResourcesRequest
2026-07-15 18:05:36,979 - mcp.server.fastmcp.resources.resource_manager - DEBUG - [resource_manager.py:89] - Listing resources
2026-07-15 18:05:36,979 - mcp.server.lowlevel.server - DEBUG - [server.py:572] - Response sent
2026-07-15 18:05:36,980 - mcp.server.lowlevel.server - DEBUG - [server.py:572] - Response sent
2026-07-15 18:05:37,155 - UnrealMCP - INFO - [unreal_mcp_server.py:259] - Unreal MCP server shut down
2026-07-15 18:05:56,211 - mcp.server.lowlevel.server - DEBUG - [server.py:145] - Initializing server 'UnrealMCP'
2026-07-15 18:05:56,211 - mcp.server.lowlevel.server - DEBUG - [server.py:384] - Registering handler for ListToolsRequest
2026-07-15 18:05:56,211 - mcp.server.lowlevel.server - DEBUG - [server.py:406] - Registering handler for CallToolRequest
2026-07-15 18:05:56,211 - mcp.server.lowlevel.server - DEBUG - [server.py:252] - Registering handler for ListResourcesRequest
2026-07-15 18:05:56,211 - mcp.server.lowlevel.server - DEBUG - [server.py:286] - Registering handler for ReadResourceRequest
2026-07-15 18:05:56,211 - mcp.server.lowlevel.server - DEBUG - [server.py:222] - Registering handler for PromptListRequest
2026-07-15 18:05:56,211 - mcp.server.lowlevel.server - DEBUG - [server.py:239] - Registering handler for GetPromptRequest
2026-07-15 18:05:56,212 - mcp.server.lowlevel.server - DEBUG - [server.py:267] - Registering handler for ListResourceTemplatesRequest
2026-07-15 18:05:56,226 - UnrealMCP - INFO - [editor_tools.py:369] - Editor tools registered successfully
2026-07-15 18:05:56,233 - UnrealMCP - INFO - [blueprint_tools.py:420] - Blueprint tools registered successfully
2026-07-15 18:05:56,241 - UnrealMCP - INFO - [node_tools.py:430] - Blueprint node tools registered successfully
2026-07-15 18:05:56,242 - UnrealMCP - INFO - [project_tools.py:64] - Project tools registered successfully
2026-07-15 18:05:56,247 - UnrealMCP - INFO - [umg_tools.py:333] - UMG tools registered successfully
2026-07-15 18:05:56,248 - UnrealMCP - INFO - [unreal_mcp_server.py:376] - Starting MCP server with stdio transport
2026-07-15 18:05:56,252 - asyncio - DEBUG - [proactor_events.py:631] - Using proactor: IocpProactor
2026-07-15 18:05:56,254 - UnrealMCP - INFO - [unreal_mcp_server.py:242] - UnrealMCP server starting up
2026-07-15 18:05:56,254 - UnrealMCP - INFO - [unreal_mcp_server.py:49] - Connecting to Unreal at 127.0.0.1:55557...
2026-07-15 18:05:58,291 - UnrealMCP - ERROR - [unreal_mcp_server.py:67] - Failed to connect to Unreal: [WinError 10061] 대상 컴퓨터에서 연결을 거부했으므로 연결하지 못했습니다
2026-07-15 18:05:58,291 - UnrealMCP - WARNING - [unreal_mcp_server.py:213] - Could not connect to Unreal Engine
2026-07-15 18:05:58,292 - UnrealMCP - WARNING - [unreal_mcp_server.py:248] - Could not connect to Unreal Engine on startup
2026-07-15 18:05:58,300 - mcp.server.lowlevel.server - DEBUG - [server.py:491] - Received message: root=InitializedNotification(method='notifications/initialized', params=None, jsonrpc='2.0')
2026-07-15 18:05:58,301 - mcp.server.lowlevel.server - DEBUG - [server.py:491] - Received message: <mcp.shared.session.RequestResponder object at 0x0000018ACF768E10>
2026-07-15 18:05:58,301 - mcp.server.lowlevel.server - INFO - [server.py:534] - Processing request of type ListToolsRequest
2026-07-15 18:05:58,301 - mcp.server.lowlevel.server - DEBUG - [server.py:537] - Dispatching request of type ListToolsRequest
2026-07-15 18:05:58,303 - mcp.server.lowlevel.server - DEBUG - [server.py:572] - Response sent
2026-07-15 18:05:58,304 - mcp.server.lowlevel.server - DEBUG - [server.py:491] - Received message: <mcp.shared.session.RequestResponder object at 0x0000018ACF768CD0>
2026-07-15 18:05:58,304 - mcp.server.lowlevel.server - INFO - [server.py:534] - Processing request of type ListPromptsRequest
2026-07-15 18:05:58,304 - mcp.server.lowlevel.server - DEBUG - [server.py:537] - Dispatching request of type ListPromptsRequest
2026-07-15 18:05:58,305 - mcp.server.lowlevel.server - DEBUG - [server.py:572] - Response sent
2026-07-15 18:05:58,305 - mcp.server.lowlevel.server - DEBUG - [server.py:491] - Received message: <mcp.shared.session.RequestResponder object at 0x0000018ACF58D810>
2026-07-15 18:05:58,305 - mcp.server.lowlevel.server - INFO - [server.py:534] - Processing request of type ListResourcesRequest
2026-07-15 18:05:58,305 - mcp.server.lowlevel.server - DEBUG - [server.py:537] - Dispatching request of type ListResourcesRequest
2026-07-15 18:05:58,305 - mcp.server.fastmcp.resources.resource_manager - DEBUG - [resource_manager.py:89] - Listing resources
2026-07-15 18:05:58,306 - mcp.server.lowlevel.server - DEBUG - [server.py:572] - Response sent
2026-07-15 19:51:57,105 - UnrealMCP - INFO - [unreal_mcp_server.py:259] - Unreal MCP server shut down
2026-07-15 19:51:57,236 - UnrealMCP - INFO - [unreal_mcp_server.py:259] - Unreal MCP server shut down
2026-07-15 21:14:52,694 - mcp.server.lowlevel.server - DEBUG - [server.py:145] - Initializing server 'UnrealMCP'
2026-07-15 21:14:52,694 - mcp.server.lowlevel.server - DEBUG - [server.py:384] - Registering handler for ListToolsRequest
2026-07-15 21:14:52,694 - mcp.server.lowlevel.server - DEBUG - [server.py:406] - Registering handler for CallToolRequest
2026-07-15 21:14:52,694 - mcp.server.lowlevel.server - DEBUG - [server.py:252] - Registering handler for ListResourcesRequest
2026-07-15 21:14:52,694 - mcp.server.lowlevel.server - DEBUG - [server.py:286] - Registering handler for ReadResourceRequest
2026-07-15 21:14:52,695 - mcp.server.lowlevel.server - DEBUG - [server.py:222] - Registering handler for PromptListRequest
2026-07-15 21:14:52,695 - mcp.server.lowlevel.server - DEBUG - [server.py:239] - Registering handler for GetPromptRequest
2026-07-15 21:14:52,695 - mcp.server.lowlevel.server - DEBUG - [server.py:267] - Registering handler for ListResourceTemplatesRequest
2026-07-15 21:14:52,712 - UnrealMCP - INFO - [editor_tools.py:369] - Editor tools registered successfully
2026-07-15 21:14:52,719 - UnrealMCP - INFO - [blueprint_tools.py:420] - Blueprint tools registered successfully
2026-07-15 21:14:52,728 - UnrealMCP - INFO - [node_tools.py:430] - Blueprint node tools registered successfully
2026-07-15 21:14:52,729 - UnrealMCP - INFO - [project_tools.py:64] - Project tools registered successfully
2026-07-15 21:14:52,735 - UnrealMCP - INFO - [umg_tools.py:333] - UMG tools registered successfully
2026-07-15 21:14:52,736 - UnrealMCP - INFO - [unreal_mcp_server.py:376] - Starting MCP server with stdio transport
2026-07-15 21:14:52,740 - asyncio - DEBUG - [proactor_events.py:631] - Using proactor: IocpProactor
2026-07-15 21:14:52,743 - UnrealMCP - INFO - [unreal_mcp_server.py:242] - UnrealMCP server starting up
2026-07-15 21:14:52,743 - UnrealMCP - INFO - [unreal_mcp_server.py:49] - Connecting to Unreal at 127.0.0.1:55557...
2026-07-15 21:14:54,763 - UnrealMCP - ERROR - [unreal_mcp_server.py:67] - Failed to connect to Unreal: [WinError 10061] 대상 컴퓨터에서 연결을 거부했으므로 연결하지 못했습니다
2026-07-15 21:14:54,764 - UnrealMCP - WARNING - [unreal_mcp_server.py:213] - Could not connect to Unreal Engine
2026-07-15 21:14:54,764 - UnrealMCP - WARNING - [unreal_mcp_server.py:248] - Could not connect to Unreal Engine on startup
2026-07-15 21:14:54,773 - mcp.server.lowlevel.server - DEBUG - [server.py:491] - Received message: root=InitializedNotification(method='notifications/initialized', params=None, jsonrpc='2.0')
2026-07-15 21:14:54,774 - mcp.server.lowlevel.server - DEBUG - [server.py:491] - Received message: <mcp.shared.session.RequestResponder object at 0x00000227412E4E10>
2026-07-15 21:14:54,774 - mcp.server.lowlevel.server - INFO - [server.py:534] - Processing request of type ListToolsRequest
2026-07-15 21:14:54,774 - mcp.server.lowlevel.server - DEBUG - [server.py:537] - Dispatching request of type ListToolsRequest
2026-07-15 21:14:54,777 - mcp.server.lowlevel.server - DEBUG - [server.py:572] - Response sent
2026-07-15 21:14:54,778 - mcp.server.lowlevel.server - DEBUG - [server.py:491] - Received message: <mcp.shared.session.RequestResponder object at 0x00000227412E4CD0>
2026-07-15 21:14:54,778 - mcp.server.lowlevel.server - INFO - [server.py:534] - Processing request of type ListPromptsRequest
2026-07-15 21:14:54,778 - mcp.server.lowlevel.server - DEBUG - [server.py:537] - Dispatching request of type ListPromptsRequest
2026-07-15 21:14:54,778 - mcp.server.lowlevel.server - DEBUG - [server.py:491] - Received message: <mcp.shared.session.RequestResponder object at 0x000002274110E3F0>
2026-07-15 21:14:54,779 - mcp.server.lowlevel.server - INFO - [server.py:534] - Processing request of type ListResourcesRequest
2026-07-15 21:14:54,779 - mcp.server.lowlevel.server - DEBUG - [server.py:537] - Dispatching request of type ListResourcesRequest
2026-07-15 21:14:54,779 - mcp.server.fastmcp.resources.resource_manager - DEBUG - [resource_manager.py:89] - Listing resources
2026-07-15 21:14:54,779 - mcp.server.lowlevel.server - DEBUG - [server.py:572] - Response sent
2026-07-15 21:14:54,779 - mcp.server.lowlevel.server - DEBUG - [server.py:572] - Response sent
2026-07-15 21:17:56,224 - UnrealMCP - INFO - [unreal_mcp_server.py:259] - Unreal MCP server shut down
2026-07-15 21:21:18,085 - mcp.server.lowlevel.server - DEBUG - [server.py:145] - Initializing server 'UnrealMCP'
2026-07-15 21:21:18,085 - mcp.server.lowlevel.server - DEBUG - [server.py:384] - Registering handler for ListToolsRequest
2026-07-15 21:21:18,085 - mcp.server.lowlevel.server - DEBUG - [server.py:406] - Registering handler for CallToolRequest
2026-07-15 21:21:18,086 - mcp.server.lowlevel.server - DEBUG - [server.py:252] - Registering handler for ListResourcesRequest
2026-07-15 21:21:18,086 - mcp.server.lowlevel.server - DEBUG - [server.py:286] - Registering handler for ReadResourceRequest
2026-07-15 21:21:18,086 - mcp.server.lowlevel.server - DEBUG - [server.py:222] - Registering handler for PromptListRequest
2026-07-15 21:21:18,086 - mcp.server.lowlevel.server - DEBUG - [server.py:239] - Registering handler for GetPromptRequest
2026-07-15 21:21:18,086 - mcp.server.lowlevel.server - DEBUG - [server.py:267] - Registering handler for ListResourceTemplatesRequest
2026-07-15 21:21:18,110 - UnrealMCP - INFO - [editor_tools.py:369] - Editor tools registered successfully
2026-07-15 21:21:18,118 - UnrealMCP - INFO - [blueprint_tools.py:420] - Blueprint tools registered successfully
2026-07-15 21:21:18,131 - UnrealMCP - INFO - [node_tools.py:430] - Blueprint node tools registered successfully
2026-07-15 21:21:18,132 - UnrealMCP - INFO - [project_tools.py:64] - Project tools registered successfully
2026-07-15 21:21:18,142 - UnrealMCP - INFO - [umg_tools.py:333] - UMG tools registered successfully
2026-07-15 21:21:18,143 - UnrealMCP - INFO - [unreal_mcp_server.py:376] - Starting MCP server with stdio transport
2026-07-15 21:21:18,151 - asyncio - DEBUG - [proactor_events.py:631] - Using proactor: IocpProactor
2026-07-15 21:21:18,156 - UnrealMCP - INFO - [unreal_mcp_server.py:242] - UnrealMCP server starting up
2026-07-15 21:21:18,156 - UnrealMCP - INFO - [unreal_mcp_server.py:49] - Connecting to Unreal at 127.0.0.1:55557...
2026-07-15 21:21:20,181 - UnrealMCP - ERROR - [unreal_mcp_server.py:67] - Failed to connect to Unreal: [WinError 10061] 대상 컴퓨터에서 연결을 거부했으므로 연결하지 못했습니다
2026-07-15 21:21:20,182 - UnrealMCP - WARNING - [unreal_mcp_server.py:213] - Could not connect to Unreal Engine
2026-07-15 21:21:20,182 - UnrealMCP - WARNING - [unreal_mcp_server.py:248] - Could not connect to Unreal Engine on startup
2026-07-15 21:21:20,190 - mcp.server.lowlevel.server - DEBUG - [server.py:491] - Received message: root=InitializedNotification(method='notifications/initialized', params=None, jsonrpc='2.0')
2026-07-15 21:21:20,194 - mcp.server.lowlevel.server - DEBUG - [server.py:491] - Received message: <mcp.shared.session.RequestResponder object at 0x0000022B86644E10>
2026-07-15 21:21:20,194 - mcp.server.lowlevel.server - INFO - [server.py:534] - Processing request of type ListToolsRequest
2026-07-15 21:21:20,195 - mcp.server.lowlevel.server - DEBUG - [server.py:537] - Dispatching request of type ListToolsRequest
2026-07-15 21:21:20,198 - mcp.server.lowlevel.server - DEBUG - [server.py:572] - Response sent
2026-07-15 21:21:20,199 - mcp.server.lowlevel.server - DEBUG - [server.py:491] - Received message: <mcp.shared.session.RequestResponder object at 0x0000022B86644CD0>
2026-07-15 21:21:20,199 - mcp.server.lowlevel.server - INFO - [server.py:534] - Processing request of type ListPromptsRequest
2026-07-15 21:21:20,199 - mcp.server.lowlevel.server - DEBUG - [server.py:537] - Dispatching request of type ListPromptsRequest
2026-07-15 21:21:20,200 - mcp.server.lowlevel.server - DEBUG - [server.py:491] - Received message: <mcp.shared.session.RequestResponder object at 0x0000022B8646A3F0>
2026-07-15 21:21:20,200 - mcp.server.lowlevel.server - INFO - [server.py:534] - Processing request of type ListResourcesRequest
2026-07-15 21:21:20,201 - mcp.server.lowlevel.server - DEBUG - [server.py:537] - Dispatching request of type ListResourcesRequest
2026-07-15 21:21:20,201 - mcp.server.fastmcp.resources.resource_manager - DEBUG - [resource_manager.py:89] - Listing resources
2026-07-15 21:21:20,201 - mcp.server.lowlevel.server - DEBUG - [server.py:572] - Response sent
2026-07-15 21:21:20,202 - mcp.server.lowlevel.server - DEBUG - [server.py:572] - Response sent
2026-07-15 21:29:38,801 - UnrealMCP - INFO - [unreal_mcp_server.py:259] - Unreal MCP server shut down
2026-07-16 16:05:09,262 - mcp.server.lowlevel.server - DEBUG - [server.py:145] - Initializing server 'UnrealMCP'
2026-07-16 16:05:09,262 - mcp.server.lowlevel.server - DEBUG - [server.py:384] - Registering handler for ListToolsRequest
2026-07-16 16:05:09,263 - mcp.server.lowlevel.server - DEBUG - [server.py:406] - Registering handler for CallToolRequest
2026-07-16 16:05:09,263 - mcp.server.lowlevel.server - DEBUG - [server.py:252] - Registering handler for ListResourcesRequest
2026-07-16 16:05:09,263 - mcp.server.lowlevel.server - DEBUG - [server.py:286] - Registering handler for ReadResourceRequest
2026-07-16 16:05:09,263 - mcp.server.lowlevel.server - DEBUG - [server.py:222] - Registering handler for PromptListRequest
2026-07-16 16:05:09,263 - mcp.server.lowlevel.server - DEBUG - [server.py:239] - Registering handler for GetPromptRequest
2026-07-16 16:05:09,263 - mcp.server.lowlevel.server - DEBUG - [server.py:267] - Registering handler for ListResourceTemplatesRequest
2026-07-16 16:05:09,281 - UnrealMCP - INFO - [editor_tools.py:369] - Editor tools registered successfully
2026-07-16 16:05:09,289 - UnrealMCP - INFO - [blueprint_tools.py:420] - Blueprint tools registered successfully
2026-07-16 16:05:09,300 - UnrealMCP - INFO - [node_tools.py:430] - Blueprint node tools registered successfully
2026-07-16 16:05:09,301 - UnrealMCP - INFO - [project_tools.py:64] - Project tools registered successfully
2026-07-16 16:05:09,308 - UnrealMCP - INFO - [umg_tools.py:333] - UMG tools registered successfully
2026-07-16 16:05:09,309 - UnrealMCP - INFO - [unreal_mcp_server.py:376] - Starting MCP server with stdio transport
2026-07-16 16:05:09,314 - asyncio - DEBUG - [proactor_events.py:631] - Using proactor: IocpProactor
2026-07-16 16:05:09,318 - UnrealMCP - INFO - [unreal_mcp_server.py:242] - UnrealMCP server starting up
2026-07-16 16:05:09,318 - UnrealMCP - INFO - [unreal_mcp_server.py:49] - Connecting to Unreal at 127.0.0.1:55557...
2026-07-16 16:05:11,334 - UnrealMCP - ERROR - [unreal_mcp_server.py:67] - Failed to connect to Unreal: [WinError 10061] 대상 컴퓨터에서 연결을 거부했으므로 연결하지 못했습니다
2026-07-16 16:05:11,335 - UnrealMCP - WARNING - [unreal_mcp_server.py:213] - Could not connect to Unreal Engine
2026-07-16 16:05:11,335 - UnrealMCP - WARNING - [unreal_mcp_server.py:248] - Could not connect to Unreal Engine on startup
2026-07-16 16:05:11,342 - mcp.server.lowlevel.server - DEBUG - [server.py:491] - Received message: root=InitializedNotification(method='notifications/initialized', params=None, jsonrpc='2.0')
2026-07-16 16:05:11,343 - mcp.server.lowlevel.server - DEBUG - [server.py:491] - Received message: <mcp.shared.session.RequestResponder object at 0x0000028A9E3D4E10>
2026-07-16 16:05:11,343 - mcp.server.lowlevel.server - INFO - [server.py:534] - Processing request of type ListToolsRequest
2026-07-16 16:05:11,343 - mcp.server.lowlevel.server - DEBUG - [server.py:537] - Dispatching request of type ListToolsRequest
2026-07-16 16:05:11,345 - mcp.server.lowlevel.server - DEBUG - [server.py:572] - Response sent
2026-07-16 16:05:11,346 - mcp.server.lowlevel.server - DEBUG - [server.py:491] - Received message: <mcp.shared.session.RequestResponder object at 0x0000028A9E3D4CD0>
2026-07-16 16:05:11,346 - mcp.server.lowlevel.server - INFO - [server.py:534] - Processing request of type ListPromptsRequest
2026-07-16 16:05:11,347 - mcp.server.lowlevel.server - DEBUG - [server.py:537] - Dispatching request of type ListPromptsRequest
2026-07-16 16:05:11,347 - mcp.server.lowlevel.server - DEBUG - [server.py:491] - Received message: <mcp.shared.session.RequestResponder object at 0x0000028A9E1FA3F0>
2026-07-16 16:05:11,347 - mcp.server.lowlevel.server - INFO - [server.py:534] - Processing request of type ListResourcesRequest
2026-07-16 16:05:11,347 - mcp.server.lowlevel.server - DEBUG - [server.py:537] - Dispatching request of type ListResourcesRequest
2026-07-16 16:05:11,348 - mcp.server.fastmcp.resources.resource_manager - DEBUG - [resource_manager.py:89] - Listing resources
2026-07-16 16:05:11,348 - mcp.server.lowlevel.server - DEBUG - [server.py:572] - Response sent
2026-07-16 16:05:11,348 - mcp.server.lowlevel.server - DEBUG - [server.py:572] - Response sent
2026-07-16 17:03:06,845 - mcp.server.lowlevel.server - DEBUG - [server.py:145] - Initializing server 'UnrealMCP'
2026-07-16 17:03:06,846 - mcp.server.lowlevel.server - DEBUG - [server.py:384] - Registering handler for ListToolsRequest
2026-07-16 17:03:06,846 - mcp.server.lowlevel.server - DEBUG - [server.py:406] - Registering handler for CallToolRequest
2026-07-16 17:03:06,846 - mcp.server.lowlevel.server - DEBUG - [server.py:252] - Registering handler for ListResourcesRequest
2026-07-16 17:03:06,846 - mcp.server.lowlevel.server - DEBUG - [server.py:286] - Registering handler for ReadResourceRequest
2026-07-16 17:03:06,846 - mcp.server.lowlevel.server - DEBUG - [server.py:222] - Registering handler for PromptListRequest
2026-07-16 17:03:06,846 - mcp.server.lowlevel.server - DEBUG - [server.py:239] - Registering handler for GetPromptRequest
2026-07-16 17:03:06,846 - mcp.server.lowlevel.server - DEBUG - [server.py:267] - Registering handler for ListResourceTemplatesRequest
2026-07-16 17:03:06,858 - UnrealMCP - INFO - [editor_tools.py:369] - Editor tools registered successfully
2026-07-16 17:03:06,864 - UnrealMCP - INFO - [blueprint_tools.py:420] - Blueprint tools registered successfully
2026-07-16 17:03:06,872 - UnrealMCP - INFO - [node_tools.py:430] - Blueprint node tools registered successfully
2026-07-16 17:03:06,873 - UnrealMCP - INFO - [project_tools.py:64] - Project tools registered successfully
2026-07-16 17:03:06,878 - UnrealMCP - INFO - [umg_tools.py:333] - UMG tools registered successfully
2026-07-16 17:03:06,879 - UnrealMCP - INFO - [unreal_mcp_server.py:376] - Starting MCP server with stdio transport
2026-07-16 17:03:06,883 - asyncio - DEBUG - [proactor_events.py:631] - Using proactor: IocpProactor
2026-07-16 17:03:06,885 - UnrealMCP - INFO - [unreal_mcp_server.py:242] - UnrealMCP server starting up
2026-07-16 17:03:06,885 - UnrealMCP - INFO - [unreal_mcp_server.py:49] - Connecting to Unreal at 127.0.0.1:55557...
2026-07-16 17:03:06,885 - UnrealMCP - INFO - [unreal_mcp_server.py:63] - Connected to Unreal Engine
2026-07-16 17:03:06,885 - UnrealMCP - INFO - [unreal_mcp_server.py:246] - Connected to Unreal Engine on startup
2026-07-16 17:03:06,891 - mcp.server.lowlevel.server - DEBUG - [server.py:491] - Received message: root=InitializedNotification(method='notifications/initialized', params=None, jsonrpc='2.0')
2026-07-16 17:03:06,891 - mcp.server.lowlevel.server - DEBUG - [server.py:491] - Received message: <mcp.shared.session.RequestResponder object at 0x000001E3B90E4E10>
2026-07-16 17:03:06,891 - mcp.server.lowlevel.server - INFO - [server.py:534] - Processing request of type ListToolsRequest
2026-07-16 17:03:06,892 - mcp.server.lowlevel.server - DEBUG - [server.py:537] - Dispatching request of type ListToolsRequest
2026-07-16 17:03:06,894 - mcp.server.lowlevel.server - DEBUG - [server.py:572] - Response sent
2026-07-16 17:03:06,895 - mcp.server.lowlevel.server - DEBUG - [server.py:491] - Received message: <mcp.shared.session.RequestResponder object at 0x000001E3B90E4CD0>
2026-07-16 17:03:06,895 - mcp.server.lowlevel.server - INFO - [server.py:534] - Processing request of type ListPromptsRequest
2026-07-16 17:03:06,895 - mcp.server.lowlevel.server - DEBUG - [server.py:537] - Dispatching request of type ListPromptsRequest
2026-07-16 17:03:06,895 - mcp.server.lowlevel.server - DEBUG - [server.py:491] - Received message: <mcp.shared.session.RequestResponder object at 0x000001E3B8F0E3F0>
2026-07-16 17:03:06,895 - mcp.server.lowlevel.server - INFO - [server.py:534] - Processing request of type ListResourcesRequest
2026-07-16 17:03:06,895 - mcp.server.lowlevel.server - DEBUG - [server.py:537] - Dispatching request of type ListResourcesRequest
2026-07-16 17:03:06,896 - mcp.server.fastmcp.resources.resource_manager - DEBUG - [resource_manager.py:89] - Listing resources
2026-07-16 17:03:06,896 - mcp.server.lowlevel.server - DEBUG - [server.py:572] - Response sent
2026-07-16 17:03:06,896 - mcp.server.lowlevel.server - DEBUG - [server.py:572] - Response sent
2026-07-16 20:04:34,373 - UnrealMCP - INFO - [unreal_mcp_server.py:259] - Unreal MCP server shut down
2026-07-16 22:24:22,729 - mcp.server.lowlevel.server - DEBUG - [server.py:145] - Initializing server 'UnrealMCP'
2026-07-16 22:24:22,729 - mcp.server.lowlevel.server - DEBUG - [server.py:384] - Registering handler for ListToolsRequest
2026-07-16 22:24:22,730 - mcp.server.lowlevel.server - DEBUG - [server.py:406] - Registering handler for CallToolRequest
2026-07-16 22:24:22,730 - mcp.server.lowlevel.server - DEBUG - [server.py:252] - Registering handler for ListResourcesRequest
2026-07-16 22:24:22,730 - mcp.server.lowlevel.server - DEBUG - [server.py:286] - Registering handler for ReadResourceRequest
2026-07-16 22:24:22,730 - mcp.server.lowlevel.server - DEBUG - [server.py:222] - Registering handler for PromptListRequest
2026-07-16 22:24:22,730 - mcp.server.lowlevel.server - DEBUG - [server.py:239] - Registering handler for GetPromptRequest
2026-07-16 22:24:22,730 - mcp.server.lowlevel.server - DEBUG - [server.py:267] - Registering handler for ListResourceTemplatesRequest
2026-07-16 22:24:22,770 - UnrealMCP - INFO - [editor_tools.py:369] - Editor tools registered successfully
2026-07-16 22:24:22,786 - UnrealMCP - INFO - [blueprint_tools.py:420] - Blueprint tools registered successfully
2026-07-16 22:24:22,806 - UnrealMCP - INFO - [node_tools.py:430] - Blueprint node tools registered successfully
2026-07-16 22:24:22,807 - UnrealMCP - INFO - [project_tools.py:64] - Project tools registered successfully
2026-07-16 22:24:22,829 - UnrealMCP - INFO - [umg_tools.py:333] - UMG tools registered successfully
2026-07-16 22:24:22,830 - UnrealMCP - INFO - [unreal_mcp_server.py:376] - Starting MCP server with stdio transport
2026-07-16 22:24:22,843 - asyncio - DEBUG - [proactor_events.py:631] - Using proactor: IocpProactor
2026-07-16 22:24:22,847 - UnrealMCP - INFO - [unreal_mcp_server.py:242] - UnrealMCP server starting up
2026-07-16 22:24:22,848 - UnrealMCP - INFO - [unreal_mcp_server.py:49] - Connecting to Unreal at 127.0.0.1:55557...
2026-07-16 22:24:24,868 - UnrealMCP - ERROR - [unreal_mcp_server.py:67] - Failed to connect to Unreal: [WinError 10061] 대상 컴퓨터에서 연결을 거부했으므로 연결하지 못했습니다
2026-07-16 22:24:24,869 - UnrealMCP - WARNING - [unreal_mcp_server.py:213] - Could not connect to Unreal Engine
2026-07-16 22:24:24,869 - UnrealMCP - WARNING - [unreal_mcp_server.py:248] - Could not connect to Unreal Engine on startup
2026-07-16 22:24:24,877 - mcp.server.lowlevel.server - DEBUG - [server.py:491] - Received message: root=InitializedNotification(method='notifications/initialized', params=None, jsonrpc='2.0')
2026-07-16 22:24:24,878 - mcp.server.lowlevel.server - DEBUG - [server.py:491] - Received message: <mcp.shared.session.RequestResponder object at 0x0000016839BE4E10>
2026-07-16 22:24:24,879 - mcp.server.lowlevel.server - INFO - [server.py:534] - Processing request of type ListToolsRequest
2026-07-16 22:24:24,879 - mcp.server.lowlevel.server - DEBUG - [server.py:537] - Dispatching request of type ListToolsRequest
2026-07-16 22:24:24,881 - mcp.server.lowlevel.server - DEBUG - [server.py:572] - Response sent
2026-07-16 22:24:24,883 - mcp.server.lowlevel.server - DEBUG - [server.py:491] - Received message: <mcp.shared.session.RequestResponder object at 0x0000016839BE4CD0>
2026-07-16 22:24:24,883 - mcp.server.lowlevel.server - INFO - [server.py:534] - Processing request of type ListPromptsRequest
2026-07-16 22:24:24,883 - mcp.server.lowlevel.server - DEBUG - [server.py:537] - Dispatching request of type ListPromptsRequest
2026-07-16 22:24:24,884 - mcp.server.lowlevel.server - DEBUG - [server.py:491] - Received message: <mcp.shared.session.RequestResponder object at 0x0000016839A0E3F0>
2026-07-16 22:24:24,884 - mcp.server.lowlevel.server - INFO - [server.py:534] - Processing request of type ListResourcesRequest
2026-07-16 22:24:24,884 - mcp.server.lowlevel.server - DEBUG - [server.py:537] - Dispatching request of type ListResourcesRequest
2026-07-16 22:24:24,884 - mcp.server.fastmcp.resources.resource_manager - DEBUG - [resource_manager.py:89] - Listing resources
2026-07-16 22:24:24,885 - mcp.server.lowlevel.server - DEBUG - [server.py:572] - Response sent
2026-07-16 22:24:24,886 - mcp.server.lowlevel.server - DEBUG - [server.py:572] - Response sent
2026-07-16 22:40:12,493 - mcp.server.lowlevel.server - DEBUG - [server.py:145] - Initializing server 'UnrealMCP'
2026-07-16 22:40:12,493 - mcp.server.lowlevel.server - DEBUG - [server.py:384] - Registering handler for ListToolsRequest
2026-07-16 22:40:12,493 - mcp.server.lowlevel.server - DEBUG - [server.py:406] - Registering handler for CallToolRequest
2026-07-16 22:40:12,493 - mcp.server.lowlevel.server - DEBUG - [server.py:252] - Registering handler for ListResourcesRequest
2026-07-16 22:40:12,493 - mcp.server.lowlevel.server - DEBUG - [server.py:286] - Registering handler for ReadResourceRequest
2026-07-16 22:40:12,493 - mcp.server.lowlevel.server - DEBUG - [server.py:222] - Registering handler for PromptListRequest
2026-07-16 22:40:12,493 - mcp.server.lowlevel.server - DEBUG - [server.py:239] - Registering handler for GetPromptRequest
2026-07-16 22:40:12,493 - mcp.server.lowlevel.server - DEBUG - [server.py:267] - Registering handler for ListResourceTemplatesRequest
2026-07-16 22:40:12,510 - UnrealMCP - INFO - [editor_tools.py:369] - Editor tools registered successfully
2026-07-16 22:40:12,516 - UnrealMCP - INFO - [blueprint_tools.py:420] - Blueprint tools registered successfully
2026-07-16 22:40:12,524 - UnrealMCP - INFO - [node_tools.py:430] - Blueprint node tools registered successfully
2026-07-16 22:40:12,525 - UnrealMCP - INFO - [project_tools.py:64] - Project tools registered successfully
2026-07-16 22:40:12,531 - UnrealMCP - INFO - [umg_tools.py:333] - UMG tools registered successfully
2026-07-16 22:40:12,531 - UnrealMCP - INFO - [unreal_mcp_server.py:376] - Starting MCP server with stdio transport
2026-07-16 22:40:12,536 - asyncio - DEBUG - [proactor_events.py:631] - Using proactor: IocpProactor
2026-07-16 22:40:12,538 - UnrealMCP - INFO - [unreal_mcp_server.py:242] - UnrealMCP server starting up
2026-07-16 22:40:12,538 - UnrealMCP - INFO - [unreal_mcp_server.py:49] - Connecting to Unreal at 127.0.0.1:55557...
2026-07-16 22:40:12,538 - UnrealMCP - INFO - [unreal_mcp_server.py:63] - Connected to Unreal Engine
2026-07-16 22:40:12,538 - UnrealMCP - INFO - [unreal_mcp_server.py:246] - Connected to Unreal Engine on startup
2026-07-16 22:40:12,547 - mcp.server.lowlevel.server - DEBUG - [server.py:491] - Received message: root=InitializedNotification(method='notifications/initialized', params=None, jsonrpc='2.0')
2026-07-16 22:40:12,550 - mcp.server.lowlevel.server - DEBUG - [server.py:491] - Received message: <mcp.shared.session.RequestResponder object at 0x000002B83FA84E10>
2026-07-16 22:40:12,550 - mcp.server.lowlevel.server - INFO - [server.py:534] - Processing request of type ListToolsRequest
2026-07-16 22:40:12,550 - mcp.server.lowlevel.server - DEBUG - [server.py:537] - Dispatching request of type ListToolsRequest
2026-07-16 22:40:12,552 - mcp.server.lowlevel.server - DEBUG - [server.py:572] - Response sent
2026-07-16 22:40:12,553 - mcp.server.lowlevel.server - DEBUG - [server.py:491] - Received message: <mcp.shared.session.RequestResponder object at 0x000002B83FA84CD0>
2026-07-16 22:40:12,553 - mcp.server.lowlevel.server - INFO - [server.py:534] - Processing request of type ListPromptsRequest
2026-07-16 22:40:12,553 - mcp.server.lowlevel.server - DEBUG - [server.py:537] - Dispatching request of type ListPromptsRequest
2026-07-16 22:40:12,554 - mcp.server.lowlevel.server - DEBUG - [server.py:491] - Received message: <mcp.shared.session.RequestResponder object at 0x000002B83F8B23F0>
2026-07-16 22:40:12,554 - mcp.server.lowlevel.server - INFO - [server.py:534] - Processing request of type ListResourcesRequest
2026-07-16 22:40:12,554 - mcp.server.lowlevel.server - DEBUG - [server.py:537] - Dispatching request of type ListResourcesRequest
2026-07-16 22:40:12,554 - mcp.server.fastmcp.resources.resource_manager - DEBUG - [resource_manager.py:89] - Listing resources
2026-07-16 22:40:12,554 - mcp.server.lowlevel.server - DEBUG - [server.py:572] - Response sent
2026-07-16 22:40:12,554 - mcp.server.lowlevel.server - DEBUG - [server.py:572] - Response sent
2026-07-16 22:47:48,876 - UnrealMCP - INFO - [unreal_mcp_server.py:259] - Unreal MCP server shut down
2026-07-16 22:47:48,919 - UnrealMCP - INFO - [unreal_mcp_server.py:259] - Unreal MCP server shut down
2026-07-17 14:45:47,834 - mcp.server.lowlevel.server - DEBUG - [server.py:145] - Initializing server 'UnrealMCP'
2026-07-17 14:45:47,835 - mcp.server.lowlevel.server - DEBUG - [server.py:384] - Registering handler for ListToolsRequest
2026-07-17 14:45:47,835 - mcp.server.lowlevel.server - DEBUG - [server.py:406] - Registering handler for CallToolRequest
2026-07-17 14:45:47,835 - mcp.server.lowlevel.server - DEBUG - [server.py:252] - Registering handler for ListResourcesRequest
2026-07-17 14:45:47,835 - mcp.server.lowlevel.server - DEBUG - [server.py:286] - Registering handler for ReadResourceRequest
2026-07-17 14:45:47,835 - mcp.server.lowlevel.server - DEBUG - [server.py:222] - Registering handler for PromptListRequest
2026-07-17 14:45:47,835 - mcp.server.lowlevel.server - DEBUG - [server.py:239] - Registering handler for GetPromptRequest
2026-07-17 14:45:47,835 - mcp.server.lowlevel.server - DEBUG - [server.py:267] - Registering handler for ListResourceTemplatesRequest
2026-07-17 14:45:47,853 - UnrealMCP - INFO - [editor_tools.py:369] - Editor tools registered successfully
2026-07-17 14:45:47,861 - UnrealMCP - INFO - [blueprint_tools.py:420] - Blueprint tools registered successfully
2026-07-17 14:45:47,870 - UnrealMCP - INFO - [node_tools.py:430] - Blueprint node tools registered successfully
2026-07-17 14:45:47,872 - UnrealMCP - INFO - [project_tools.py:64] - Project tools registered successfully
2026-07-17 14:45:47,879 - UnrealMCP - INFO - [umg_tools.py:333] - UMG tools registered successfully
2026-07-17 14:45:47,880 - UnrealMCP - INFO - [unreal_mcp_server.py:376] - Starting MCP server with stdio transport
2026-07-17 14:45:47,887 - asyncio - DEBUG - [proactor_events.py:631] - Using proactor: IocpProactor
2026-07-17 14:45:47,891 - UnrealMCP - INFO - [unreal_mcp_server.py:242] - UnrealMCP server starting up
2026-07-17 14:45:47,891 - UnrealMCP - INFO - [unreal_mcp_server.py:49] - Connecting to Unreal at 127.0.0.1:55557...
2026-07-17 14:45:49,910 - UnrealMCP - ERROR - [unreal_mcp_server.py:67] - Failed to connect to Unreal: [WinError 10061] 대상 컴퓨터에서 연결을 거부했으므로 연결하지 못했습니다
2026-07-17 14:45:49,912 - UnrealMCP - WARNING - [unreal_mcp_server.py:213] - Could not connect to Unreal Engine
2026-07-17 14:45:49,912 - UnrealMCP - WARNING - [unreal_mcp_server.py:248] - Could not connect to Unreal Engine on startup
2026-07-17 14:45:49,919 - mcp.server.lowlevel.server - DEBUG - [server.py:491] - Received message: root=InitializedNotification(method='notifications/initialized', params=None, jsonrpc='2.0')
2026-07-17 14:45:49,920 - mcp.server.lowlevel.server - DEBUG - [server.py:491] - Received message: <mcp.shared.session.RequestResponder object at 0x000001BCF0884E10>
2026-07-17 14:45:49,920 - mcp.server.lowlevel.server - INFO - [server.py:534] - Processing request of type ListToolsRequest
2026-07-17 14:45:49,920 - mcp.server.lowlevel.server - DEBUG - [server.py:537] - Dispatching request of type ListToolsRequest
2026-07-17 14:45:49,923 - mcp.server.lowlevel.server - DEBUG - [server.py:572] - Response sent
2026-07-17 14:45:49,924 - mcp.server.lowlevel.server - DEBUG - [server.py:491] - Received message: <mcp.shared.session.RequestResponder object at 0x000001BCF0884CD0>
2026-07-17 14:45:49,924 - mcp.server.lowlevel.server - INFO - [server.py:534] - Processing request of type ListPromptsRequest
2026-07-17 14:45:49,924 - mcp.server.lowlevel.server - DEBUG - [server.py:537] - Dispatching request of type ListPromptsRequest
2026-07-17 14:45:49,924 - mcp.server.lowlevel.server - DEBUG - [server.py:491] - Received message: <mcp.shared.session.RequestResponder object at 0x000001BCF06AA3F0>
2026-07-17 14:45:49,925 - mcp.server.lowlevel.server - INFO - [server.py:534] - Processing request of type ListResourcesRequest
2026-07-17 14:45:49,925 - mcp.server.lowlevel.server - DEBUG - [server.py:537] - Dispatching request of type ListResourcesRequest
2026-07-17 14:45:49,925 - mcp.server.fastmcp.resources.resource_manager - DEBUG - [resource_manager.py:89] - Listing resources
2026-07-17 14:45:49,926 - mcp.server.lowlevel.server - DEBUG - [server.py:572] - Response sent
2026-07-17 14:45:49,926 - mcp.server.lowlevel.server - DEBUG - [server.py:572] - Response sent
2026-07-17 14:52:40,052 - mcp.server.lowlevel.server - DEBUG - [server.py:145] - Initializing server 'UnrealMCP'
2026-07-17 14:52:40,053 - mcp.server.lowlevel.server - DEBUG - [server.py:384] - Registering handler for ListToolsRequest
2026-07-17 14:52:40,053 - mcp.server.lowlevel.server - DEBUG - [server.py:406] - Registering handler for CallToolRequest
2026-07-17 14:52:40,053 - mcp.server.lowlevel.server - DEBUG - [server.py:252] - Registering handler for ListResourcesRequest
2026-07-17 14:52:40,053 - mcp.server.lowlevel.server - DEBUG - [server.py:286] - Registering handler for ReadResourceRequest
2026-07-17 14:52:40,053 - mcp.server.lowlevel.server - DEBUG - [server.py:222] - Registering handler for PromptListRequest
2026-07-17 14:52:40,053 - mcp.server.lowlevel.server - DEBUG - [server.py:239] - Registering handler for GetPromptRequest
2026-07-17 14:52:40,053 - mcp.server.lowlevel.server - DEBUG - [server.py:267] - Registering handler for ListResourceTemplatesRequest
2026-07-17 14:52:40,066 - UnrealMCP - INFO - [editor_tools.py:369] - Editor tools registered successfully
2026-07-17 14:52:40,072 - UnrealMCP - INFO - [blueprint_tools.py:420] - Blueprint tools registered successfully
2026-07-17 14:52:40,080 - UnrealMCP - INFO - [node_tools.py:430] - Blueprint node tools registered successfully
2026-07-17 14:52:40,080 - UnrealMCP - INFO - [project_tools.py:64] - Project tools registered successfully
2026-07-17 14:52:40,086 - UnrealMCP - INFO - [umg_tools.py:333] - UMG tools registered successfully
2026-07-17 14:52:40,086 - UnrealMCP - INFO - [unreal_mcp_server.py:376] - Starting MCP server with stdio transport
2026-07-17 14:52:40,090 - asyncio - DEBUG - [proactor_events.py:631] - Using proactor: IocpProactor
2026-07-17 14:52:40,093 - UnrealMCP - INFO - [unreal_mcp_server.py:242] - UnrealMCP server starting up
2026-07-17 14:52:40,093 - UnrealMCP - INFO - [unreal_mcp_server.py:49] - Connecting to Unreal at 127.0.0.1:55557...
2026-07-17 14:52:42,123 - UnrealMCP - ERROR - [unreal_mcp_server.py:67] - Failed to connect to Unreal: [WinError 10061] 대상 컴퓨터에서 연결을 거부했으므로 연결하지 못했습니다
2026-07-17 14:52:42,123 - UnrealMCP - WARNING - [unreal_mcp_server.py:213] - Could not connect to Unreal Engine
2026-07-17 14:52:42,123 - UnrealMCP - WARNING - [unreal_mcp_server.py:248] - Could not connect to Unreal Engine on startup
2026-07-17 14:52:42,130 - mcp.server.lowlevel.server - DEBUG - [server.py:491] - Received message: root=InitializedNotification(method='notifications/initialized', params=None, jsonrpc='2.0')
2026-07-17 14:52:42,131 - mcp.server.lowlevel.server - DEBUG - [server.py:491] - Received message: <mcp.shared.session.RequestResponder object at 0x0000020483C08E10>
2026-07-17 14:52:42,131 - mcp.server.lowlevel.server - INFO - [server.py:534] - Processing request of type ListToolsRequest
2026-07-17 14:52:42,131 - mcp.server.lowlevel.server - DEBUG - [server.py:537] - Dispatching request of type ListToolsRequest
2026-07-17 14:52:42,134 - mcp.server.lowlevel.server - DEBUG - [server.py:572] - Response sent
2026-07-17 14:52:42,135 - mcp.server.lowlevel.server - DEBUG - [server.py:491] - Received message: <mcp.shared.session.RequestResponder object at 0x0000020483C08CD0>
2026-07-17 14:52:42,135 - mcp.server.lowlevel.server - INFO - [server.py:534] - Processing request of type ListPromptsRequest
2026-07-17 14:52:42,135 - mcp.server.lowlevel.server - DEBUG - [server.py:537] - Dispatching request of type ListPromptsRequest
2026-07-17 14:52:42,135 - mcp.server.lowlevel.server - DEBUG - [server.py:572] - Response sent
2026-07-17 14:52:42,136 - mcp.server.lowlevel.server - DEBUG - [server.py:491] - Received message: <mcp.shared.session.RequestResponder object at 0x0000020483A29810>
2026-07-17 14:52:42,136 - mcp.server.lowlevel.server - INFO - [server.py:534] - Processing request of type ListResourcesRequest
2026-07-17 14:52:42,136 - mcp.server.lowlevel.server - DEBUG - [server.py:537] - Dispatching request of type ListResourcesRequest
2026-07-17 14:52:42,136 - mcp.server.fastmcp.resources.resource_manager - DEBUG - [resource_manager.py:89] - Listing resources
2026-07-17 14:52:42,136 - mcp.server.lowlevel.server - DEBUG - [server.py:572] - Response sent
2026-07-17 16:16:09,691 - UnrealMCP - INFO - [unreal_mcp_server.py:259] - Unreal MCP server shut down
2026-07-17 16:16:13,875 - mcp.server.lowlevel.server - DEBUG - [server.py:145] - Initializing server 'UnrealMCP'
2026-07-17 16:16:13,875 - mcp.server.lowlevel.server - DEBUG - [server.py:384] - Registering handler for ListToolsRequest
2026-07-17 16:16:13,875 - mcp.server.lowlevel.server - DEBUG - [server.py:406] - Registering handler for CallToolRequest
2026-07-17 16:16:13,875 - mcp.server.lowlevel.server - DEBUG - [server.py:252] - Registering handler for ListResourcesRequest
2026-07-17 16:16:13,875 - mcp.server.lowlevel.server - DEBUG - [server.py:286] - Registering handler for ReadResourceRequest
2026-07-17 16:16:13,875 - mcp.server.lowlevel.server - DEBUG - [server.py:222] - Registering handler for PromptListRequest
2026-07-17 16:16:13,875 - mcp.server.lowlevel.server - DEBUG - [server.py:239] - Registering handler for GetPromptRequest
2026-07-17 16:16:13,875 - mcp.server.lowlevel.server - DEBUG - [server.py:267] - Registering handler for ListResourceTemplatesRequest
2026-07-17 16:16:13,894 - UnrealMCP - INFO - [editor_tools.py:369] - Editor tools registered successfully
2026-07-17 16:16:13,904 - UnrealMCP - INFO - [blueprint_tools.py:420] - Blueprint tools registered successfully
2026-07-17 16:16:13,918 - UnrealMCP - INFO - [node_tools.py:430] - Blueprint node tools registered successfully
2026-07-17 16:16:13,919 - UnrealMCP - INFO - [project_tools.py:64] - Project tools registered successfully
2026-07-17 16:16:13,925 - UnrealMCP - INFO - [umg_tools.py:333] - UMG tools registered successfully
2026-07-17 16:16:13,925 - UnrealMCP - INFO - [unreal_mcp_server.py:376] - Starting MCP server with stdio transport
2026-07-17 16:16:13,930 - asyncio - DEBUG - [proactor_events.py:631] - Using proactor: IocpProactor
2026-07-17 16:16:13,932 - UnrealMCP - INFO - [unreal_mcp_server.py:242] - UnrealMCP server starting up
2026-07-17 16:16:13,932 - UnrealMCP - INFO - [unreal_mcp_server.py:49] - Connecting to Unreal at 127.0.0.1:55557...
2026-07-17 16:16:15,950 - UnrealMCP - ERROR - [unreal_mcp_server.py:67] - Failed to connect to Unreal: [WinError 10061] 대상 컴퓨터에서 연결을 거부했으므로 연결하지 못했습니다
2026-07-17 16:16:15,951 - UnrealMCP - WARNING - [unreal_mcp_server.py:213] - Could not connect to Unreal Engine
2026-07-17 16:16:15,951 - UnrealMCP - WARNING - [unreal_mcp_server.py:248] - Could not connect to Unreal Engine on startup
2026-07-17 16:16:15,959 - mcp.server.lowlevel.server - DEBUG - [server.py:491] - Received message: root=InitializedNotification(method='notifications/initialized', params=None, jsonrpc='2.0')
2026-07-17 16:16:15,960 - mcp.server.lowlevel.server - DEBUG - [server.py:491] - Received message: <mcp.shared.session.RequestResponder object at 0x000001E96DBA8E10>
2026-07-17 16:16:15,960 - mcp.server.lowlevel.server - INFO - [server.py:534] - Processing request of type ListToolsRequest
2026-07-17 16:16:15,960 - mcp.server.lowlevel.server - DEBUG - [server.py:537] - Dispatching request of type ListToolsRequest
2026-07-17 16:16:15,962 - mcp.server.lowlevel.server - DEBUG - [server.py:572] - Response sent
2026-07-17 16:16:15,963 - mcp.server.lowlevel.server - DEBUG - [server.py:491] - Received message: <mcp.shared.session.RequestResponder object at 0x000001E96DBA8CD0>
2026-07-17 16:16:15,963 - mcp.server.lowlevel.server - INFO - [server.py:534] - Processing request of type ListPromptsRequest
2026-07-17 16:16:15,964 - mcp.server.lowlevel.server - DEBUG - [server.py:537] - Dispatching request of type ListPromptsRequest
2026-07-17 16:16:15,964 - mcp.server.lowlevel.server - DEBUG - [server.py:491] - Received message: <mcp.shared.session.RequestResponder object at 0x000001E96D9CE3F0>
2026-07-17 16:16:15,964 - mcp.server.lowlevel.server - INFO - [server.py:534] - Processing request of type ListResourcesRequest
2026-07-17 16:16:15,964 - mcp.server.lowlevel.server - DEBUG - [server.py:537] - Dispatching request of type ListResourcesRequest
2026-07-17 16:16:15,964 - mcp.server.fastmcp.resources.resource_manager - DEBUG - [resource_manager.py:89] - Listing resources
2026-07-17 16:16:15,965 - mcp.server.lowlevel.server - DEBUG - [server.py:572] - Response sent
2026-07-17 16:16:15,965 - mcp.server.lowlevel.server - DEBUG - [server.py:572] - Response sent
2026-07-17 17:38:09,128 - UnrealMCP - INFO - [unreal_mcp_server.py:259] - Unreal MCP server shut down
2026-07-17 21:59:53,687 - mcp.server.lowlevel.server - DEBUG - [server.py:145] - Initializing server 'UnrealMCP'
2026-07-17 21:59:53,687 - mcp.server.lowlevel.server - DEBUG - [server.py:384] - Registering handler for ListToolsRequest
2026-07-17 21:59:53,688 - mcp.server.lowlevel.server - DEBUG - [server.py:406] - Registering handler for CallToolRequest
2026-07-17 21:59:53,688 - mcp.server.lowlevel.server - DEBUG - [server.py:252] - Registering handler for ListResourcesRequest
2026-07-17 21:59:53,688 - mcp.server.lowlevel.server - DEBUG - [server.py:286] - Registering handler for ReadResourceRequest
2026-07-17 21:59:53,688 - mcp.server.lowlevel.server - DEBUG - [server.py:222] - Registering handler for PromptListRequest
2026-07-17 21:59:53,688 - mcp.server.lowlevel.server - DEBUG - [server.py:239] - Registering handler for GetPromptRequest
2026-07-17 21:59:53,688 - mcp.server.lowlevel.server - DEBUG - [server.py:267] - Registering handler for ListResourceTemplatesRequest
2026-07-17 21:59:53,708 - UnrealMCP - INFO - [editor_tools.py:369] - Editor tools registered successfully
2026-07-17 21:59:53,715 - UnrealMCP - INFO - [blueprint_tools.py:420] - Blueprint tools registered successfully
2026-07-17 21:59:53,728 - UnrealMCP - INFO - [node_tools.py:430] - Blueprint node tools registered successfully
2026-07-17 21:59:53,729 - UnrealMCP - INFO - [project_tools.py:64] - Project tools registered successfully
2026-07-17 21:59:53,739 - UnrealMCP - INFO - [umg_tools.py:333] - UMG tools registered successfully
2026-07-17 21:59:53,740 - UnrealMCP - INFO - [unreal_mcp_server.py:376] - Starting MCP server with stdio transport
2026-07-17 21:59:53,746 - asyncio - DEBUG - [proactor_events.py:631] - Using proactor: IocpProactor
2026-07-17 21:59:53,749 - UnrealMCP - INFO - [unreal_mcp_server.py:242] - UnrealMCP server starting up
2026-07-17 21:59:53,749 - UnrealMCP - INFO - [unreal_mcp_server.py:49] - Connecting to Unreal at 127.0.0.1:55557...
2026-07-17 21:59:55,769 - UnrealMCP - ERROR - [unreal_mcp_server.py:67] - Failed to connect to Unreal: [WinError 10061] 대상 컴퓨터에서 연결을 거부했으므로 연결하지 못했습니다
2026-07-17 21:59:55,770 - UnrealMCP - WARNING - [unreal_mcp_server.py:213] - Could not connect to Unreal Engine
2026-07-17 21:59:55,770 - UnrealMCP - WARNING - [unreal_mcp_server.py:248] - Could not connect to Unreal Engine on startup
2026-07-17 21:59:55,778 - mcp.server.lowlevel.server - DEBUG - [server.py:491] - Received message: root=InitializedNotification(method='notifications/initialized', params=None, jsonrpc='2.0')
2026-07-17 21:59:55,778 - mcp.server.lowlevel.server - DEBUG - [server.py:491] - Received message: <mcp.shared.session.RequestResponder object at 0x000001BA45A84E10>
2026-07-17 21:59:55,779 - mcp.server.lowlevel.server - INFO - [server.py:534] - Processing request of type ListToolsRequest
2026-07-17 21:59:55,779 - mcp.server.lowlevel.server - DEBUG - [server.py:537] - Dispatching request of type ListToolsRequest
2026-07-17 21:59:55,781 - mcp.server.lowlevel.server - DEBUG - [server.py:572] - Response sent
2026-07-17 21:59:55,782 - mcp.server.lowlevel.server - DEBUG - [server.py:491] - Received message: <mcp.shared.session.RequestResponder object at 0x000001BA45A84CD0>
2026-07-17 21:59:55,782 - mcp.server.lowlevel.server - INFO - [server.py:534] - Processing request of type ListPromptsRequest
2026-07-17 21:59:55,783 - mcp.server.lowlevel.server - DEBUG - [server.py:537] - Dispatching request of type ListPromptsRequest
2026-07-17 21:59:55,783 - mcp.server.lowlevel.server - DEBUG - [server.py:491] - Received message: <mcp.shared.session.RequestResponder object at 0x000001BA458AA3F0>
2026-07-17 21:59:55,783 - mcp.server.lowlevel.server - INFO - [server.py:534] - Processing request of type ListResourcesRequest
2026-07-17 21:59:55,784 - mcp.server.lowlevel.server - DEBUG - [server.py:537] - Dispatching request of type ListResourcesRequest
2026-07-17 21:59:55,784 - mcp.server.fastmcp.resources.resource_manager - DEBUG - [resource_manager.py:89] - Listing resources
2026-07-17 21:59:55,784 - mcp.server.lowlevel.server - DEBUG - [server.py:572] - Response sent
2026-07-17 21:59:55,785 - mcp.server.lowlevel.server - DEBUG - [server.py:572] - Response sent
2026-07-17 22:48:42,515 - UnrealMCP - INFO - [unreal_mcp_server.py:259] - Unreal MCP server shut down
2026-07-18 18:54:08,532 - mcp.server.lowlevel.server - DEBUG - [server.py:145] - Initializing server 'UnrealMCP'
2026-07-18 18:54:08,533 - mcp.server.lowlevel.server - DEBUG - [server.py:384] - Registering handler for ListToolsRequest
2026-07-18 18:54:08,533 - mcp.server.lowlevel.server - DEBUG - [server.py:406] - Registering handler for CallToolRequest
2026-07-18 18:54:08,534 - mcp.server.lowlevel.server - DEBUG - [server.py:252] - Registering handler for ListResourcesRequest
2026-07-18 18:54:08,534 - mcp.server.lowlevel.server - DEBUG - [server.py:286] - Registering handler for ReadResourceRequest
2026-07-18 18:54:08,534 - mcp.server.lowlevel.server - DEBUG - [server.py:222] - Registering handler for PromptListRequest
2026-07-18 18:54:08,534 - mcp.server.lowlevel.server - DEBUG - [server.py:239] - Registering handler for GetPromptRequest
2026-07-18 18:54:08,534 - mcp.server.lowlevel.server - DEBUG - [server.py:267] - Registering handler for ListResourceTemplatesRequest
2026-07-18 18:54:08,561 - UnrealMCP - INFO - [editor_tools.py:369] - Editor tools registered successfully
2026-07-18 18:54:08,572 - UnrealMCP - INFO - [blueprint_tools.py:420] - Blueprint tools registered successfully
2026-07-18 18:54:08,587 - UnrealMCP - INFO - [node_tools.py:430] - Blueprint node tools registered successfully
2026-07-18 18:54:08,589 - UnrealMCP - INFO - [project_tools.py:64] - Project tools registered successfully
2026-07-18 18:54:08,601 - UnrealMCP - INFO - [umg_tools.py:333] - UMG tools registered successfully
2026-07-18 18:54:08,602 - UnrealMCP - INFO - [unreal_mcp_server.py:376] - Starting MCP server with stdio transport
2026-07-18 18:54:08,610 - asyncio - DEBUG - [proactor_events.py:631] - Using proactor: IocpProactor
2026-07-18 18:54:08,615 - UnrealMCP - INFO - [unreal_mcp_server.py:242] - UnrealMCP server starting up
2026-07-18 18:54:08,615 - UnrealMCP - INFO - [unreal_mcp_server.py:49] - Connecting to Unreal at 127.0.0.1:55557...
2026-07-18 18:54:10,647 - UnrealMCP - ERROR - [unreal_mcp_server.py:67] - Failed to connect to Unreal: [WinError 10061] 대상 컴퓨터에서 연결을 거부했으므로 연결하지 못했습니다
2026-07-18 18:54:10,649 - UnrealMCP - WARNING - [unreal_mcp_server.py:213] - Could not connect to Unreal Engine
2026-07-18 18:54:10,649 - UnrealMCP - WARNING - [unreal_mcp_server.py:248] - Could not connect to Unreal Engine on startup
2026-07-18 18:54:10,656 - mcp.server.lowlevel.server - DEBUG - [server.py:491] - Received message: root=InitializedNotification(method='notifications/initialized', params=None, jsonrpc='2.0')
2026-07-18 18:54:10,656 - mcp.server.lowlevel.server - DEBUG - [server.py:491] - Received message: <mcp.shared.session.RequestResponder object at 0x000001E0387B4E10>
2026-07-18 18:54:10,656 - mcp.server.lowlevel.server - INFO - [server.py:534] - Processing request of type ListToolsRequest
2026-07-18 18:54:10,656 - mcp.server.lowlevel.server - DEBUG - [server.py:537] - Dispatching request of type ListToolsRequest
2026-07-18 18:54:10,659 - mcp.server.lowlevel.server - DEBUG - [server.py:572] - Response sent
2026-07-18 18:54:10,660 - mcp.server.lowlevel.server - DEBUG - [server.py:491] - Received message: <mcp.shared.session.RequestResponder object at 0x000001E0387B4CD0>
2026-07-18 18:54:10,660 - mcp.server.lowlevel.server - INFO - [server.py:534] - Processing request of type ListPromptsRequest
2026-07-18 18:54:10,660 - mcp.server.lowlevel.server - DEBUG - [server.py:537] - Dispatching request of type ListPromptsRequest
2026-07-18 18:54:10,661 - mcp.server.lowlevel.server - DEBUG - [server.py:491] - Received message: <mcp.shared.session.RequestResponder object at 0x000001E0385DA3F0>
2026-07-18 18:54:10,661 - mcp.server.lowlevel.server - INFO - [server.py:534] - Processing request of type ListResourcesRequest
2026-07-18 18:54:10,662 - mcp.server.lowlevel.server - DEBUG - [server.py:537] - Dispatching request of type ListResourcesRequest
2026-07-18 18:54:10,662 - mcp.server.fastmcp.resources.resource_manager - DEBUG - [resource_manager.py:89] - Listing resources
2026-07-18 18:54:10,662 - mcp.server.lowlevel.server - DEBUG - [server.py:572] - Response sent
2026-07-18 18:54:10,663 - mcp.server.lowlevel.server - DEBUG - [server.py:572] - Response sent
